letterboxd_url,title,rating,rating_count,year,updated
https://letterboxd.com/film/frankenstein-2025/,Frankenstein (2025),3.72,21124,2022,2025-10-23T10:04:51.972267
https://letterboxd.com/film/bugonia/,Bugonia,3.94,14634,2020,2025-10-23T10:04:53.213869
https://letterboxd.com/film/28-days-later/,28 Days Later,3.73,1086858,2011,2025-10-23T10:04:54.719429
https://letterboxd.com/film/springsteen-deliver-me-from-nowhere/,Springsteen: Deliver Me From Nowhere,3.24,3913,2024,2025-10-23T10:04:57.303599
https://letterboxd.com/film/shelby-oaks/,Shelby Oaks,3.01,6257,2022,2025-10-23T10:04:58.749027
https://letterboxd.com/film/the-lost-boys/,The Lost Boys,3.67,301868,2011,2025-10-23T10:05:00.167292
https://letterboxd.com/film/kpop-demon-hunters/,KPop Demon Hunters A Sing-Along Event,3.62,1238336,2021,2025-10-23T10:05:01.682619
https://letterboxd.com/film/regretting-you/,Regretting You,3.01,3684,2024,2025-10-23T10:05:02.877159
https://letterboxd.com/film/if-i-had-legs-id-kick-you/,If I Had Legs I'd Kick You,3.77,14076,2023,2025-10-23T10:05:04.292707
https://letterboxd.com/film/chainsaw-man-the-movie-reze-arc/,Chainsaw Man - The Movie: Reze Arc (Subtitled),4.25,21022,2023,2025-10-23T10:05:05.808203
https://letterboxd.com/film/good-fortune/,Good Fortune,3.36,22*,2013,2025-10-23T10:05:11.826235
https://letterboxd.com/film/the-rocky-horror-picture-show/,The Rocky Horror Picture Show,4.04,679911,2011,2025-10-23T10:05:13.031184
https://letterboxd.com/film/day-of-the-dead/,Day of the Dead (1985) 40th Anniversary,3.77,98655,2011,2025-10-23T10:05:14.595436
https://letterboxd.com/film/black-phone-2/,Black Phone 2,3.25,120032,2023,2025-10-23T10:05:15.977800
https://letterboxd.com/film/paranorman/,ParaNorman Remastered,3.69,271816,2011,2025-10-23T10:05:23.600506
https://letterboxd.com/film/knives-out/,Knives Out,3.61,116*,2017,2025-10-23T10:05:29.680233
https://letterboxd.com/film/sentimental-value/,Sentimental Value,3.38,13*,2023,2025-10-23T10:05:36.318358
https://letterboxd.com/film/one-battle-after-another/,One Battle After Another,4.35,1016992,2022,2025-10-23T10:05:37.745077
https://letterboxd.com/film/after-the-hunt/,After the Hunt,3.23,11*,2021,2025-10-23T10:05:44.140589
https://letterboxd.com/film/back-to-the-future/,Back to the Future: 40th Anniversary Movie Party,4.2,2129941,2011,2025-10-23T10:05:45.947239
https://letterboxd.com/film/the-lighthouse/,The Lighthouse Movie Party,3.38,294,2012,2025-10-23T10:05:47.343470
https://letterboxd.com/film/wicked/,Wicked Re-Release,2.62,2479,2011,2025-10-23T10:05:48.817060
https://letterboxd.com/film/tron-ares/,Tron: Ares,2.77,147575,2018,2025-10-23T10:05:50.040906
https://letterboxd.com/film/hedda/,Hedda,3.29,283,2011,2025-10-23T10:05:51.453120
https://letterboxd.com/film/depeche-mode-m/,Depeche Mode: M,3.85,56*,2025,2025-10-23T10:05:57.808104
https://letterboxd.com/film/roofman/,Roofman,3.56,68058,2024,2025-10-23T10:05:59.158029
https://letterboxd.com/film/if-you-see-something/,If You See Something with Live Q&A,3.43,14*,2024,2025-10-23T10:06:05.341108
https://letterboxd.com/film/branded-to-kill/,Branded to Kill,3.88,30602,2011,2025-10-23T10:06:07.219139
https://letterboxd.com/film/the-return-of-godzilla/,The Return of Godzilla,3.45,17416,2016,2025-10-23T10:06:11.149254
https://letterboxd.com/film/the-descent/,The Descent,3.58,388431,2011,2025-10-23T10:06:12.565206
https://letterboxd.com/film/mitski-the-land/,Mitski: The Land,4.36,1947,2025,2025-10-23T10:06:19.944601
https://letterboxd.com/film/chicken-run/,Chicken Run: 25th Anniversary,3.62,433619,2011,2025-10-23T10:06:21.555329
https://letterboxd.com/film/desperately-seeking-susan/,Desperately Seeking Susan,3.38,40337,2011,2025-10-23T10:06:23.010885
https://letterboxd.com/film/glass-onion-a-knives-out-mystery/,Glass Onion: A Knives Out Mystery,3.39,2320435,2020,2025-10-23T10:06:24.591285
https://letterboxd.com/film/pee-wees-big-adventure/,Pee-Wee's Big Adventure,3.51,105991,2011,2025-10-23T10:06:29.496450
https://letterboxd.com/film/a-house-of-dynamite/,A House of Dynamite,3.36,12786,2024,2025-10-23T10:06:30.716898
https://letterboxd.com/film/dream-eater/,Eli Roth Presents: Dream Eater,3.17,205,2024,2025-10-23T10:06:32.118283
https://letterboxd.com/film/chainsaws-were-singing/,Chainsaws Were Singing,3.42,1581,2024,2025-10-23T10:06:33.834371
https://letterboxd.com/film/planes-trains-and-automobiles/,"Planes, Trains & Automobiles",3.77,215957,2011,2025-10-23T10:06:36.558438
https://letterboxd.com/film/to-live-and-die-in-la/,To Live and Die in L.A.,4.0,86198,2011,2025-10-23T10:06:38.169514
https://letterboxd.com/film/the-smashing-machine/,The Smashing Machine,3.83,2320,2011,2025-10-23T10:06:39.576320
https://letterboxd.com/film/good-boy/,Good Boy,2.6,3681,2011,2025-10-23T10:06:41.081170
https://letterboxd.com/film/corpse-bride/,Corpse Bride 20th Anniversary,3.9,1351482,2011,2025-10-23T10:06:43.709953
https://letterboxd.com/film/tales-from-the-hood/,Tales from the Hood,3.69,28726,2011,2025-10-23T10:06:46.254563
https://letterboxd.com/film/the-goonies/,The Goonies,3.81,555497,2011,2025-10-23T10:06:47.702486
https://letterboxd.com/film/angels-egg/,Angel's Egg (Dubbed),4.15,90525,2011,2025-10-23T10:06:49.089951
https://letterboxd.com/film/the-beyond/,The Beyond (1981),3.52,59615,2011,2025-10-23T10:06:50.570964
https://letterboxd.com/film/bloodthirsty-butchers/,Bloodthirsty Butchers,2.73,848,2012,2025-10-23T10:06:53.156885
https://letterboxd.com/film/confessions-of-a-young-american-housewife/,CONFESSIONS OF A YOUNG AMERICAN HOUSEWIFE,3.32,334,2011,2025-10-23T10:06:54.492596
https://letterboxd.com/film/the-beaches-of-agnes/,The Beaches of Agnès,4.32,28533,2011,2025-10-23T10:06:57.413835
https://letterboxd.com/film/citizenfour/,Citizenfour,3.98,48293,2014,2025-10-23T10:06:58.897686
https://letterboxd.com/film/the-talented-mr-ripley/,The Talented Mr. Ripley,3.87,524472,2011,2025-10-23T10:07:00.380948
https://letterboxd.com/film/no-home-movie/,No Home Movie,3.81,5992,2015,2025-10-23T10:07:02.150330
https://letterboxd.com/film/dawn-of-a-new-day/,Dawn of a New Day,3.48,296,2015,2025-10-23T10:07:03.463978
https://letterboxd.com/film/a-nightmare-on-elm-street/,ACE Presents: A Nightmare on Elm Street,3.72,679282,2012,2025-10-23T10:07:04.867190
https://letterboxd.com/film/possession/,Possession,4.05,378789,2011,2025-10-23T10:07:06.332820
https://letterboxd.com/film/happy-together/,Happy Together,3.02,1023,2011,2025-10-23T10:07:07.965255
https://letterboxd.com/film/saladin-the-victorious/,Saladin the Victorious,3.57,1693,2011,2025-10-23T10:07:09.606053
https://letterboxd.com/film/the-town-within-reach/,The Town Within Reach,3.89,70*,2015,2025-10-23T10:07:15.872387
https://letterboxd.com/film/when-the-tenth-month-comes/,When the Tenth Month Comes,3.99,2370,2013,2025-10-23T10:07:17.187457
https://letterboxd.com/film/morgiana/,Morgiana,3.83,8260,2011,2025-10-23T10:07:18.583303
https://letterboxd.com/film/coup-53/,Coup 53,3.77,1073,2019,2025-10-23T10:07:20.055463
https://letterboxd.com/film/charley-varrick/,Charley Varrick,3.84,13596,2011,2025-10-23T10:07:21.480663
https://letterboxd.com/film/beauty-and-the-beast/,Beauty and the Beast,4.08,49966,2011,2025-10-23T10:07:23.023492
https://letterboxd.com/film/the-ninth-heart/,The Ninth Heart,3.54,878,2014,2025-10-23T10:07:24.550703
https://letterboxd.com/film/wallace-and-gromit-the-curse-of-the-were-rabbit/,Wallace & Gromit: The Curse of the Were-Rabbit,3.87,299882,2011,2025-10-23T10:07:26.128570
https://letterboxd.com/film/the-land/,The Land,4.08,4725,2012,2025-10-23T10:07:27.850687
https://letterboxd.com/film/cinderella-man/,IPDW presents: Cinderella Man with Wynn Thomas,3.82,80464,2011,2025-10-23T10:07:29.443948
https://letterboxd.com/film/the-return-of-the-prodigal-son/,The Return of the Prodigal Son,3.46,719,2012,2025-10-23T10:07:32.021940
https://letterboxd.com/film/mars-attacks/,IPDW presents: Mars Attacks! with Wynn Thomas,3.25,255648,2011,2025-10-23T10:07:33.666070
https://letterboxd.com/film/happyend/,Happyend,3.94,18692,2020,2025-10-23T10:07:35.314109
https://letterboxd.com/film/umberto-d/,Umberto D.,4.25,43850,2011,2025-10-23T10:07:36.770708
https://letterboxd.com/film/days-of-heaven/,Days of Heaven,4.1,144869,2011,2025-10-23T10:07:38.807572
https://letterboxd.com/film/sneakers/,Sneakers,3.56,41319,2011,2025-10-23T10:07:40.209647
https://letterboxd.com/film/bye-bye-love/,Bye Bye Love,2.93,1598,2011,2025-10-23T10:07:41.604188
https://letterboxd.com/film/the-unbearable-lightness-of-being/,The Unbearable Lightness of Being,3.66,22291,2011,2025-10-23T10:07:43.224086
https://letterboxd.com/film/the-wedding-banquet/,The Wedding Banquet,3.8,21878,2011,2025-10-23T10:07:44.785962
https://letterboxd.com/film/alexandria-again-and-forever/,Alexandria: Again and Forever,3.65,1663,2012,2025-10-23T10:07:46.257666
https://letterboxd.com/film/kikujiro/,Kikujiro,4.04,31377,2011,2025-10-23T10:07:47.902744
https://letterboxd.com/film/the-lobster/,The Lobster,3.75,1016017,2014,2025-10-23T10:07:49.361881
https://letterboxd.com/film/the-handmaiden/,The Handmaiden,4.4,662741,2014,2025-10-23T10:07:50.742336
https://letterboxd.com/film/an-egyptian-story/,An Egyptian Story,3.88,2227,2012,2025-10-23T10:07:52.220385
https://letterboxd.com/film/the-death-of-mr-lazarescu/,The Death of Mr. Lazarescu,4.06,12357,2011,2025-10-23T10:07:54.255169
https://letterboxd.com/film/return-to-oz/,Return to Oz,3.42,51306,2011,2025-10-23T10:07:55.687388
https://letterboxd.com/film/the-girl-with-the-dragon-tattoo/,The Girl with the Dragon Tattoo,3.84,74693,2011,2025-10-23T10:07:57.204436
https://letterboxd.com/film/stateless-things/,Stateless Things,3.31,243,2012,2025-10-23T10:07:58.512304
https://letterboxd.com/film/ghost/,Ghost,3.57,255796,2011,2025-10-23T10:07:59.724230
https://letterboxd.com/film/hereditary/,Hereditary,3.94,2279748,2017,2025-10-23T10:08:00.973084
https://letterboxd.com/film/ferat-vampire/,Ferat Vampire,3.18,1503,2011,2025-10-23T10:08:02.908308
https://letterboxd.com/film/please-forgive-me/,Please Forgive Me,2.71,103*,2016,2025-10-23T10:08:15.290767
https://letterboxd.com/film/the-shootist/,The Shootist,3.7,12842,2011,2025-10-23T10:08:16.693686
https://letterboxd.com/film/nomad/,Nomad,3.77,4348,2013,2025-10-23T10:08:18.412707
https://letterboxd.com/film/the-cremator/,The Cremator,4.29,43452,2011,2025-10-23T10:08:19.953383
https://letterboxd.com/film/tokyo-story/,Tokyo Story [DCP],4.43,130363,2011,2025-10-23T10:08:21.485754
https://letterboxd.com/film/made-in-hong-kong/,Made in Hong Kong,4.11,17780,2011,2025-10-23T10:08:24.064863
https://letterboxd.com/film/the-magnificent-ambersons/,The Magnificent Ambersons,3.89,36964,2011,2025-10-23T10:08:25.788712
https://letterboxd.com/film/a-star-is-born/,A Star Is Born,3.63,12616,2011,2025-10-23T10:08:27.419479
https://letterboxd.com/film/licorice-pizza/,Licorice Pizza,3.55,718652,2020,2025-10-23T10:08:29.016546
https://letterboxd.com/film/im-not-everything-i-want-to-be/,I'm Not Everything I Want to Be,4.05,3911,2021,2025-10-23T10:08:30.439113
https://letterboxd.com/film/hi-mom/,Hi  Mom!,3.52,20990,2011,2025-10-23T10:08:31.925071
https://letterboxd.com/film/trouble-every-day/,Trouble Every Day,3.4,43873,2011,2025-10-23T10:08:33.145054
https://letterboxd.com/film/la-chinoise/,La Chinoise,3.74,47142,2011,2025-10-23T10:08:34.365831
https://letterboxd.com/film/frauenarzt-dr-schafer/,Frauenarzt Dr. Schäfer,3.7,10*,2019,2025-10-23T10:08:42.214366
https://letterboxd.com/film/gerry/,Gerry,3.44,19574,2011,2025-10-23T10:08:43.704855
https://letterboxd.com/film/rouge/,Rouge,3.87,11943,2011,2025-10-23T10:08:46.248211
https://letterboxd.com/film/shadows-of-forgotten-ancestors/,Shadows of Forgotten Ancestors,4.05,15862,2011,2025-10-23T10:08:48.598300
https://letterboxd.com/film/dazed-and-confused/,Dazed and Confused,3.91,513283,2011,2025-10-23T10:08:50.009677
https://letterboxd.com/film/the-stone-cross/,The Stone Cross,3.68,543,2014,2025-10-23T10:08:51.394730
https://letterboxd.com/film/babylon-xx/,Babylon XX,3.64,469,2014,2025-10-23T10:08:53.256852
https://letterboxd.com/film/betty-blue/,Betty Blue,3.91,30114,2011,2025-10-23T10:08:55.089612
https://letterboxd.com/film/mean-streets/,Mean Streets,3.72,195991,2011,2025-10-23T10:08:56.473437
https://letterboxd.com/film/jacquot-de-nantes/,Jacquot de Nantes,4.15,7824,2011,2025-10-23T10:08:57.843853
https://letterboxd.com/film/moonstruck/,Moonstruck,3.79,209506,2011,2025-10-23T10:08:59.076822
https://letterboxd.com/film/the-bodyguard/,The Bodyguard,3.02,46*,2014,2025-10-23T10:09:06.399661
https://letterboxd.com/film/time/,ACE Presents: Time,3.58,7072,2011,2025-10-23T10:09:07.818122
https://letterboxd.com/film/downtown-81/,Downtown 81,3.6,7383,2011,2025-10-23T10:09:09.231894
https://letterboxd.com/film/the-eve-of-ivan-kupalo/,The Eve of Ivan Kupalo,3.99,1691,2014,2025-10-23T10:09:10.714318
https://letterboxd.com/film/the-blackout/,The Blackout,3.62,4770,2011,2025-10-23T10:09:12.363758
https://letterboxd.com/film/killer-of-sheep/,Killer of Sheep,3.97,25490,2011,2025-10-23T10:09:16.059812
https://letterboxd.com/film/a-spring-for-the-thirsty/,A Spring for the Thirsty,3.96,1032,2012,2025-10-23T10:09:17.595641
https://letterboxd.com/film/the-stendhal-syndrome/,The Stendhal Syndrome,3.25,13215,2011,2025-10-23T10:09:19.138522
https://letterboxd.com/film/the-white-bird-marked-with-black/,The White Bird Marked with Black,3.77,760,2014,2025-10-23T10:09:20.859673
https://letterboxd.com/film/new-rose-hotel/,New Rose Hotel,3.42,19887,2011,2025-10-23T10:09:22.346828
https://letterboxd.com/film/swan-lake-the-zone/,Swan Lake. The Zone,3.56,234,2014,2025-10-23T10:09:23.836250
https://letterboxd.com/film/terra-femme/,Performa presents: Terra Femme,3.63,389,2021,2025-10-23T10:09:25.137962
https://letterboxd.com/film/stalker/,Stalker,4.41,316438,2011,2025-10-23T10:09:26.345967
https://letterboxd.com/film/mistress-dispeller/,Mistress Dispeller,3.21,7*,2021,2025-10-23T10:09:32.391316
https://letterboxd.com/film/stiller-meara-nothing-is-lost/,Stiller & Meara: Nothing is Lost,3.67,128*,2025,2025-10-23T10:09:39.492057
https://letterboxd.com/film/fuck-my-son/,Fuck My Son!,2.57,792,2025,2025-10-23T10:09:40.882624
https://letterboxd.com/film/koln-75/,Köln 75,3.52,3727,2023,2025-10-23T10:09:42.286024
https://letterboxd.com/film/ballad-of-a-small-player/,Ballad of a Small Player,2.91,4121,2024,2025-10-23T10:09:43.706588
https://letterboxd.com/film/urchin/,Urchin,1.68,11*,2011,2025-10-23T10:09:50.049760
https://letterboxd.com/film/orwell-22-5/,Orwell: 2+2=5,3.41,2150,2023,2025-10-23T10:09:51.692702
https://letterboxd.com/film/frankenstein/,FRANKENSTEIN in 35MM,3.23,13318,2011,2025-10-23T10:09:54.242447
https://letterboxd.com/film/jay-kelly/,JAY KELLY in 35MM,3.35,4554,2023,2025-10-23T10:09:55.481779
https://letterboxd.com/film/blue-moon/,BLUE MOON,3.12,83*,2011,2025-10-23T10:10:01.715097
https://letterboxd.com/film/little-amelie-or-the-character-of-rain/,LITTLE AMÉLIE OR THE CHARACTER OF RAIN,4.09,12800,2020,2025-10-23T10:10:03.070422
https://letterboxd.com/film/rebuilding/,REBUILDING,3.61,1805,2023,2025-10-23T10:10:04.271958
https://letterboxd.com/film/the-mastermind/,THE MASTERMIND,2.44,17*,2011,2025-10-23T10:10:10.255901
https://letterboxd.com/film/the-age-of-disclosure/,THE AGE OF DISCLOSURE,3.06,47*,2025,2025-10-23T10:10:16.641858
https://letterboxd.com/film/citizen-kane/,CITIZEN KANE in 35MM,4.19,563595,2011,2025-10-23T10:10:18.245376
https://letterboxd.com/film/the-lady-eve/,THE LADY EVE in 35MM,3.96,40772,2011,2025-10-23T10:10:19.951965
https://letterboxd.com/film/bucha/,BUCHA,2.72,190*,2023,2025-10-23T10:10:26.819957
https://letterboxd.com/film/psycho/,PSYCHO,4.32,1169655,2011,2025-10-23T10:10:28.048022
https://letterboxd.com/film/kiss-of-the-spider-woman/,KISS OF THE SPIDER WOMAN,3.72,20861,2011,2025-10-23T10:10:35.656606
https://letterboxd.com/film/mccabe-mrs-miller/,McCabe & Mrs. Miller,4.13,57433,2011,2025-10-23T10:10:37.650687
https://letterboxd.com/film/weekend/,Weekend,2.67,38*,2014,2025-10-23T10:10:43.766468
https://letterboxd.com/film/wake-up-dead-man-a-knives-out-mystery/,Wake Up Dead Man: A Knives Out Mystery,3.9,6444,2021,2025-10-23T10:10:45.044532
https://letterboxd.com/film/train-dreams/,Train Dreams,3.86,2459,2024,2025-10-23T10:10:46.412775
https://letterboxd.com/film/tomorrow/,Tomorrow,3.59,826,2012,2025-10-23T10:10:48.243034
https://letterboxd.com/film/frankenstein-1931/,Frankenstein (1931),3.79,186195,2011,2025-10-23T10:10:49.621494
https://letterboxd.com/film/the-bride-of-frankenstein/,The Bride of Frankenstein,2.67,3*,2020,2025-10-23T10:10:55.661294
https://letterboxd.com/film/pans-labyrinth/,Pan's Labyrinth,4.16,854602,2011,2025-10-23T10:10:56.902029
https://letterboxd.com/film/the-spirit-of-the-beehive/,The Spirit of the Beehive,4.17,49701,2011,2025-10-23T10:10:58.090044
https://letterboxd.com/film/the-devils-backbone/,The Devil's Backbone,3.83,80050,2011,2025-10-23T10:10:59.291759
https://letterboxd.com/film/guillermo-del-toros-pinocchio/,Guillermo del Toro's Pinocchio,3.99,613503,2020,2025-10-23T10:11:01.271800
https://letterboxd.com/film/la-belle-et-la-bete/,La Belle et la Bête,1.81,72*,2014,2025-10-23T10:11:08.858172
https://letterboxd.com/film/the-shape-of-water/,The Shape of Water,3.66,933944,2016,2025-10-23T10:11:10.077118
https://letterboxd.com/film/hellboy/,Hellboy,3.42,286055,2011,2025-10-23T10:11:11.310652
https://letterboxd.com/film/hellboy-ii-the-golden-army/,Hellboy II: The Golden Army,3.44,184833,2011,2025-10-23T10:11:12.957717
https://letterboxd.com/film/the-curse-of-frankenstein/,The Curse of Frankenstein,3.52,23595,2011,2025-10-23T10:11:14.149780
https://letterboxd.com/film/blade-ii/,Blade II,3.29,181593,2011,2025-10-23T10:11:15.704805
https://letterboxd.com/film/pacific-rim/,Pacific Rim,3.44,561739,2011,2025-10-23T10:11:17.169182
https://letterboxd.com/film/crimson-peak/,Crimson Peak,3.42,345899,2013,2025-10-23T10:11:18.794079
https://letterboxd.com/film/mimic/,Mimic: The Director's Cut,2.98,50630,2011,2025-10-23T10:11:20.012042
https://letterboxd.com/film/blood-shine/,Blood Shine,3.06,95*,2025,2025-10-23T10:11:28.659506
https://letterboxd.com/film/dust-bunny/,Dust Bunny,3.36,981,2022,2025-10-23T10:11:30.064545
https://letterboxd.com/film/day-of-the-dead/,Day of the Dead (1985) 40th Anniversary,3.77,98655,2011,2025-10-23T10:20:43.006970
https://letterboxd.com/film/the-beyond/,The Beyond (1981),3.52,59617,2011,2025-10-23T10:21:05.886398
https://letterboxd.com/film/cinderella-man/,IPDW presents: Cinderella Man with Wynn Thomas,3.82,80465,2011,2025-10-23T10:21:09.969508
https://letterboxd.com/film/mars-attacks/,IPDW presents: Mars Attacks! with Wynn Thomas,3.25,255651,2011,2025-10-23T10:21:12.763905
https://letterboxd.com/film/stiller-meara-nothing-is-lost/,Stiller & Meara: Nothing is Lost,3.67,128*,2025,2025-10-23T10:21:32.175944
https://letterboxd.com/film/mccabe-mrs-miller/,McCabe & Mrs. Miller,4.13,57433,2011,2025-10-23T10:21:40.746572
https://letterboxd.com/film/day-of-the-dead/,Day of the Dead (1985) 40th Anniversary,3.77,98655,2011,2025-10-23T10:23:03.372726
https://letterboxd.com/film/the-beyond/,The Beyond (1981),3.52,59617,2011,2025-10-23T10:23:25.809218
https://letterboxd.com/film/cinderella-man/,IPDW presents: Cinderella Man with Wynn Thomas,3.82,80465,2011,2025-10-23T10:23:29.618602
https://letterboxd.com/film/mars-attacks/,IPDW presents: Mars Attacks! with Wynn Thomas,3.25,255651,2011,2025-10-23T10:23:32.289373
https://letterboxd.com/film/stiller-meara-nothing-is-lost/,Stiller & Meara: Nothing is Lost,3.67,128*,2025,2025-10-23T10:23:51.422295
https://letterboxd.com/film/mccabe-mrs-miller/,McCabe & Mrs. Miller,4.13,57433,2011,2025-10-23T10:24:00.181186
https://letterboxd.com/film/day-of-the-dead/,Day of the Dead (1985) 40th Anniversary,3.77,98655,2011,2025-10-23T10:27:18.488110
https://letterboxd.com/film/the-beyond/,The Beyond (1981),3.52,59618,2011,2025-10-23T10:27:41.302636
https://letterboxd.com/film/cinderella-man/,IPDW presents: Cinderella Man with Wynn Thomas,3.82,80465,2011,2025-10-23T10:27:45.603292
https://letterboxd.com/film/mars-attacks/,IPDW presents: Mars Attacks! with Wynn Thomas,3.25,255652,2011,2025-10-23T10:27:48.125379
https://letterboxd.com/film/stiller-meara-nothing-is-lost/,Stiller & Meara: Nothing is Lost,3.67,128*,2025,2025-10-23T10:28:08.977508
https://letterboxd.com/film/mccabe-mrs-miller/,McCabe & Mrs. Miller,4.13,57433,2011,2025-10-23T10:28:17.703985
https://letterboxd.com/film/day-of-the-dead/,Day of the Dead (1985) 40th Anniversary,3.77,98655,2011,2025-10-23T10:31:50.185714
https://letterboxd.com/film/the-beyond/,The Beyond (1981),3.52,59618,2011,2025-10-23T10:32:12.710975
https://letterboxd.com/film/cinderella-man/,IPDW presents: Cinderella Man with Wynn Thomas,3.82,80465,2011,2025-10-23T10:32:16.920894
https://letterboxd.com/film/mars-attacks/,IPDW presents: Mars Attacks! with Wynn Thomas,3.25,255652,2011,2025-10-23T10:32:20.073332
https://letterboxd.com/film/stiller-meara-nothing-is-lost/,Stiller & Meara: Nothing is Lost,3.67,128*,2025,2025-10-23T10:32:39.259150
https://letterboxd.com/film/mccabe-mrs-miller/,McCabe & Mrs. Miller,4.13,57433,2011,2025-10-23T10:32:47.932845
https://letterboxd.com/film/day-of-the-dead/,Day of the Dead (1985) 40th Anniversary,3.77,98655,2011,2025-10-23T10:35:16.646042
https://letterboxd.com/film/the-beyond/,The Beyond (1981),3.52,59618,2011,2025-10-23T10:35:39.360015
https://letterboxd.com/film/cinderella-man/,IPDW presents: Cinderella Man with Wynn Thomas,3.82,80465,2011,2025-10-23T10:35:43.159436
https://letterboxd.com/film/mars-attacks/,IPDW presents: Mars Attacks! with Wynn Thomas,3.25,255652,2011,2025-10-23T10:35:45.686242
https://letterboxd.com/film/day-of-the-dead/,Day of the Dead (1985) 40th Anniversary,3.77,98655,2011,2025-10-23T10:37:13.601188
https://letterboxd.com/film/the-beyond/,The Beyond (1981),3.52,59618,2011,2025-10-23T10:37:35.894522
https://letterboxd.com/film/cinderella-man/,IPDW presents: Cinderella Man with Wynn Thomas,3.82,80465,2011,2025-10-23T10:37:39.980886
https://letterboxd.com/film/mars-attacks/,IPDW presents: Mars Attacks! with Wynn Thomas,3.25,255654,2011,2025-10-23T10:37:42.696067
https://letterboxd.com/film/stiller-meara-nothing-is-lost/,Stiller & Meara: Nothing is Lost,3.67,128*,2025,2025-10-23T10:38:02.147245
https://letterboxd.com/film/mccabe-mrs-miller/,McCabe & Mrs. Miller,4.13,57434,2011,2025-10-23T10:38:10.858224
https://letterboxd.com/film/day-of-the-dead/,Day of the Dead (1985) 40th Anniversary,3.77,98655,2011,2025-10-23T10:39:21.718845
https://letterboxd.com/film/day-of-the-dead/,Day of the Dead (1985) 40th Anniversary,3.77,98656,2011,2025-10-23T10:43:17.279351
https://letterboxd.com/film/the-beyond/,The Beyond (1981),3.52,59618,2011,2025-10-23T10:43:40.119998
https://letterboxd.com/film/cinderella-man/,IPDW presents: Cinderella Man with Wynn Thomas,3.82,80465,2011,2025-10-23T10:43:44.595652
https://letterboxd.com/film/mars-attacks/,IPDW presents: Mars Attacks! with Wynn Thomas,3.25,255655,2011,2025-10-23T10:43:47.393625
https://letterboxd.com/film/stiller-meara-nothing-is-lost/,Stiller & Meara: Nothing is Lost,3.67,128*,2025,2025-10-23T10:44:07.538938
https://letterboxd.com/film/jacobs-ladder/,Jacob’s Ladder,3.85,168229,2011,2025-10-23T10:44:08.762162
https://letterboxd.com/film/mccabe-mrs-miller/,McCabe & Mrs. Miller,4.13,57434,2011,2025-10-23T10:44:16.373118
https://letterboxd.com/film/mothers-baby/,Mother’s Baby,3.28,909,2025,2025-10-23T10:44:20.108545
https://letterboxd.com/film/day-of-the-dead/,Day of the Dead (1985) 40th Anniversary,3.77,98676,2011,2025-10-23T13:23:28.192187
https://letterboxd.com/film/the-beyond/,The Beyond (1981),3.52,59627,2011,2025-10-23T13:23:51.079965
https://letterboxd.com/film/cinderella-man/,IPDW presents: Cinderella Man with Wynn Thomas,3.82,80471,2011,2025-10-23T13:23:55.811888
https://letterboxd.com/film/mars-attacks/,IPDW presents: Mars Attacks! with Wynn Thomas,3.25,255673,2011,2025-10-23T13:23:58.625985
https://letterboxd.com/film/stiller-meara-nothing-is-lost/,Stiller & Meara: Nothing is Lost,3.67,131*,2025,2025-10-23T13:24:17.989635
https://letterboxd.com/film/mccabe-mrs-miller/,McCabe & Mrs. Miller,4.13,57439,2011,2025-10-23T13:24:25.461104
https://letterboxd.com/film/wisdom-of-happiness/,Wisdom of Happiness,3.25,587,2024,2025-10-23T13:24:34.074886
https://letterboxd.com/film/night-of-the-demon/,Night of the Demon,3.78,21179,2011,2025-10-23T13:24:35.616406
https://letterboxd.com/film/drag-me-to-hell/,Drag Me to Hell,3.18,231383,2011,2025-10-23T13:24:38.201238
https://letterboxd.com/film/paperhouse/,Paperhouse,3.41,8114,2011,2025-10-23T13:24:40.141156
https://letterboxd.com/film/onibaba/,Onibaba,4.08,80767,2011,2025-10-23T13:24:41.463691
https://letterboxd.com/film/it-follows/,It Follows,3.43,751924,2014,2025-10-23T13:24:42.654702
https://letterboxd.com/film/day-of-the-dead/,Day of the Dead (1985) 40th Anniversary,3.77,98676,2011,2025-10-23T13:34:56.074278
https://letterboxd.com/film/the-beyond/,The Beyond (1981),3.52,59627,2011,2025-10-23T13:35:18.408973
https://letterboxd.com/film/cinderella-man/,IPDW presents: Cinderella Man with Wynn Thomas,3.82,80471,2011,2025-10-23T13:35:22.573799
https://letterboxd.com/film/mars-attacks/,IPDW presents: Mars Attacks! with Wynn Thomas,3.25,255675,2011,2025-10-23T13:35:25.311969
https://letterboxd.com/film/stiller-meara-nothing-is-lost/,Stiller & Meara: Nothing is Lost,3.67,131*,2025,2025-10-23T13:35:44.388829
https://letterboxd.com/film/mccabe-mrs-miller/,McCabe & Mrs. Miller,4.13,57439,2011,2025-10-23T13:35:51.838413
https://letterboxd.com/film/haxan/,Häxan,4.04,53870,2011,2025-10-23T13:35:57.639251
https://letterboxd.com/film/the-nightmare-before-christmas/,The Nightmare Before Christmas,3.97,1501169,2011,2025-10-23T13:35:59.031837
https://letterboxd.com/film/day-of-the-dead/,Day of the Dead (1985) 40th Anniversary,3.77,98676,2011,2025-10-23T13:46:22.901790
https://letterboxd.com/film/the-beyond/,The Beyond (1981),3.52,59628,2011,2025-10-23T13:46:45.918864
https://letterboxd.com/film/cinderella-man/,IPDW presents: Cinderella Man with Wynn Thomas,3.82,80473,2011,2025-10-23T13:46:50.323558
https://letterboxd.com/film/mars-attacks/,IPDW presents: Mars Attacks! with Wynn Thomas,3.25,255676,2011,2025-10-23T13:46:52.846931
https://letterboxd.com/film/stiller-meara-nothing-is-lost/,Stiller & Meara: Nothing is Lost,3.67,131*,2025,2025-10-23T13:47:12.151966
https://letterboxd.com/film/mccabe-mrs-miller/,McCabe & Mrs. Miller,4.13,57439,2011,2025-10-23T13:47:20.073065
https://letterboxd.com/film/the-social-life-of-small-urban-spaces/,THE SOCIAL LIFE OF SMALL URBAN SPACES,3.94,796,2013,2025-10-23T13:47:27.284666
https://letterboxd.com/film/bogancloch/,BOGANCLOCH,3.54,801,2021,2025-10-23T13:47:31.150363
https://letterboxd.com/film/quick-billy/,QUICK BILLY,3.76,724,2013,2025-10-23T13:47:37.133385
https://letterboxd.com/film/genderation/,GENDERATION,3.5,127*,2021,2025-10-23T13:47:44.350530
https://letterboxd.com/film/seduction-the-cruel-woman/,SEDUCTION: THE CRUEL WOMAN,3.38,437,2011,2025-10-23T13:47:45.765242
https://letterboxd.com/film/virgin-machine/,VIRGIN MACHINE,3.42,311,2012,2025-10-23T13:47:47.112500
https://letterboxd.com/film/my-father-is-coming/,MY FATHER IS COMING,3.35,79*,2012,2025-10-23T13:47:53.295862
https://letterboxd.com/film/female-misbehavior/,FEMALE MISBEHAVIOR,3.43,119*,2013,2025-10-23T13:48:00.535781
https://letterboxd.com/film/sticks-and-bones/,STICKS AND BONES,3.45,50*,2014,2025-10-23T13:48:11.523275
https://letterboxd.com/film/two-tons-of-turquoise-to-taos-tonight/,TWO TONS OF TURQUOISE TO TAOS TONIGHT,3.28,569,2012,2025-10-23T13:48:14.926386
https://letterboxd.com/film/putney-swope/,PUTNEY SWOPE,3.68,14030,2011,2025-10-23T13:48:17.530561
https://letterboxd.com/film/pound/,POUND,3.24,357,2012,2025-10-23T13:48:20.812948
https://letterboxd.com/film/day-of-the-dead/,Day of the Dead (1985) 40th Anniversary,3.77,98676,2011,2025-10-23T13:53:15.570941
https://letterboxd.com/film/the-beyond/,The Beyond (1981),3.52,59628,2011,2025-10-23T13:53:38.541060
https://letterboxd.com/film/cinderella-man/,IPDW presents: Cinderella Man with Wynn Thomas,3.82,80473,2011,2025-10-23T13:53:42.642690
https://letterboxd.com/film/mars-attacks/,IPDW presents: Mars Attacks! with Wynn Thomas,3.25,255676,2011,2025-10-23T13:53:45.377986
https://letterboxd.com/film/stiller-meara-nothing-is-lost/,Stiller & Meara: Nothing is Lost,3.67,131*,2025,2025-10-23T13:54:04.809470
https://letterboxd.com/film/mccabe-mrs-miller/,McCabe & Mrs. Miller,4.13,57439,2011,2025-10-23T13:54:12.470909
https://letterboxd.com/film/day-of-the-dead/,Day of the Dead (1985) 40th Anniversary,3.77,98676,2011,2025-10-23T13:56:28.984160
https://letterboxd.com/film/the-beyond/,The Beyond (1981),3.52,59628,2011,2025-10-23T13:56:51.517900
https://letterboxd.com/film/cinderella-man/,IPDW presents: Cinderella Man with Wynn Thomas,3.82,80473,2011,2025-10-23T13:56:55.383737
https://letterboxd.com/film/mars-attacks/,IPDW presents: Mars Attacks! with Wynn Thomas,3.25,255676,2011,2025-10-23T13:56:58.222574
https://letterboxd.com/film/stiller-meara-nothing-is-lost/,Stiller & Meara: Nothing is Lost,3.67,131*,2025,2025-10-23T13:57:17.446224
https://letterboxd.com/film/mccabe-mrs-miller/,McCabe & Mrs. Miller,4.13,57439,2011,2025-10-23T13:57:24.714769
https://letterboxd.com/film/day-of-the-dead/,Day of the Dead (1985) 40th Anniversary,3.77,98677,2011,2025-10-23T14:02:38.061509
https://letterboxd.com/film/the-beyond/,The Beyond (1981),3.52,59629,2011,2025-10-23T14:03:00.821420
https://letterboxd.com/film/cinderella-man/,IPDW presents: Cinderella Man with Wynn Thomas,3.82,80473,2011,2025-10-23T14:03:05.156177
https://letterboxd.com/film/mars-attacks/,IPDW presents: Mars Attacks! with Wynn Thomas,3.25,255677,2011,2025-10-23T14:03:07.969220
https://letterboxd.com/film/stiller-meara-nothing-is-lost/,Stiller & Meara: Nothing is Lost,3.67,131*,2025,2025-10-23T14:03:27.520395
https://letterboxd.com/film/mccabe-mrs-miller/,McCabe & Mrs. Miller,4.13,57438,2011,2025-10-23T14:03:35.369895
https://letterboxd.com/film/it-was-just-an-accident/,IT WAS JUST AN ACCIDENT,4.05,37388,2025,2025-10-23T14:03:42.597241
https://letterboxd.com/film/israel-palestine-on-swedish-tv-1958-1989/,ISRAEL PALESTINE ON SWEDISH TV 1958–1989,3.83,571,2024,2025-10-23T14:03:44.560137
https://letterboxd.com/film/the-librarians/,THE LIBRARIANS,2.82,186*,2012,2025-10-23T14:03:53.226486
https://letterboxd.com/film/day-of-the-dead/,Day of the Dead (1985) 40th Anniversary,3.77,98677,2011,2025-10-23T14:09:03.137015
https://letterboxd.com/film/the-beyond/,The Beyond (1981),3.52,59629,2011,2025-10-23T14:09:26.030799
https://letterboxd.com/film/cinderella-man/,IPDW presents: Cinderella Man with Wynn Thomas,3.82,80474,2011,2025-10-23T14:09:30.228672
https://letterboxd.com/film/mars-attacks/,IPDW presents: Mars Attacks! with Wynn Thomas,3.25,255677,2011,2025-10-23T14:09:33.229053
https://letterboxd.com/film/stiller-meara-nothing-is-lost/,Stiller & Meara: Nothing is Lost,3.67,131*,2025,2025-10-23T14:09:52.677708
https://letterboxd.com/film/mccabe-mrs-miller/,McCabe & Mrs. Miller,4.13,57438,2011,2025-10-23T14:10:00.084637
https://letterboxd.com/film/frankenstein-2025/,Frankenstein (2025),3.84,72235,2022,2025-10-27T20:50:38.228632
https://letterboxd.com/film/chainsaw-man-the-movie-reze-arc/,Chainsaw Man - The Movie: Reze Arc (Subtitled),4.41,104073,2023,2025-10-27T20:50:45.623431
https://letterboxd.com/film/kpop-demon-hunters/,KPop Demon Hunters A Sing-Along Event,3.61,1252869,2021,2025-10-27T20:50:47.043846
https://letterboxd.com/film/chainsaw-man-the-movie-reze-arc/,Chainsaw Man - The Movie: Reze Arc (Subtitled),4.41,104074,2023,2025-10-27T20:50:47.562078
https://letterboxd.com/film/the-return-of-godzilla/,The Return of Godzilla,3.45,17471,2016,2025-10-27T20:50:48.394650
https://letterboxd.com/film/kpop-demon-hunters/,KPop Demon Hunters A Sing-Along Event,3.61,1252869,2021,2025-10-27T20:50:48.820414
https://letterboxd.com/film/bugonia/,Bugonia,3.98,36776,2020,2025-10-27T20:50:49.645883
https://letterboxd.com/film/the-return-of-godzilla/,The Return of Godzilla,3.45,17471,2016,2025-10-27T20:50:50.283785
https://letterboxd.com/film/bugonia/,Bugonia,3.98,36776,2020,2025-10-27T20:50:51.484867
https://letterboxd.com/film/day-of-the-dead/,Day of the Dead (1985) 40th Anniversary,3.77,99365,2011,2025-10-27T21:03:51.514164
https://letterboxd.com/film/day-of-the-dead/,Day of the Dead (1985) 40th Anniversary,3.77,99365,2011,2025-10-27T21:03:51.522479
https://letterboxd.com/film/knives-out/,Knives Out,3.61,116*,2017,2025-10-27T21:03:57.514344
https://letterboxd.com/film/knives-out/,Knives Out,3.61,116*,2017,2025-10-27T21:03:57.626819
https://letterboxd.com/film/shelby-oaks/,Shelby Oaks,2.89,26343,2022,2025-10-27T21:03:58.885418
https://letterboxd.com/film/shelby-oaks/,Shelby Oaks,2.89,26343,2022,2025-10-27T21:03:59.024382
https://letterboxd.com/film/regretting-you/,Regretting You,2.77,36184,2024,2025-10-27T21:04:06.159497
https://letterboxd.com/film/regretting-you/,Regretting You,2.77,36184,2024,2025-10-27T21:04:06.252974
https://letterboxd.com/film/springsteen-deliver-me-from-nowhere/,Springsteen: Deliver Me From Nowhere,3.3,41773,2024,2025-10-27T21:04:07.514739
https://letterboxd.com/film/springsteen-deliver-me-from-nowhere/,Springsteen: Deliver Me From Nowhere,3.3,41773,2024,2025-10-27T21:04:07.562946
https://letterboxd.com/film/wake-up-dead-man-a-knives-out-mystery/,Wake Up Dead Man: A Knives Out Mystery with Livestream Q&A,3.9,6876,2021,2025-10-27T21:04:09.048395
https://letterboxd.com/film/wake-up-dead-man-a-knives-out-mystery/,Wake Up Dead Man: A Knives Out Mystery with Livestream Q&A,3.9,6876,2021,2025-10-27T21:04:09.111509
https://letterboxd.com/film/back-to-the-future/,Back to the Future: 40th Anniversary Movie Party,4.2,2140620,2011,2025-10-27T21:04:10.568842
https://letterboxd.com/film/back-to-the-future/,Back to the Future: 40th Anniversary Movie Party,4.2,2140620,2011,2025-10-27T21:04:10.572332
https://letterboxd.com/film/black-phone-2/,Black Phone 2,3.23,171790,2023,2025-10-27T21:04:11.935049
https://letterboxd.com/film/black-phone-2/,Black Phone 2,3.23,171794,2023,2025-10-27T21:04:12.057618
https://letterboxd.com/film/the-lighthouse/,The Lighthouse Movie Party,3.38,294,2012,2025-10-27T21:04:13.876794
https://letterboxd.com/film/the-lighthouse/,The Lighthouse Movie Party,3.38,294,2012,2025-10-27T21:04:13.919736
https://letterboxd.com/film/good-fortune/,Good Fortune,3.36,22*,2013,2025-10-27T21:04:19.914324
https://letterboxd.com/film/good-fortune/,Good Fortune,3.36,22*,2013,2025-10-27T21:04:19.930669
https://letterboxd.com/film/one-battle-after-another/,One Battle After Another,4.35,1063490,2022,2025-10-27T21:04:21.128174
https://letterboxd.com/film/one-battle-after-another/,One Battle After Another,4.35,1063494,2022,2025-10-27T21:04:21.142292
https://letterboxd.com/film/28-days-later/,28 Days Later,3.73,1093762,2011,2025-10-27T21:04:22.361501
https://letterboxd.com/film/28-days-later/,28 Days Later,3.73,1093765,2011,2025-10-27T21:04:22.374607
https://letterboxd.com/film/sentimental-value/,Sentimental Value Early Access,3.38,13*,2023,2025-10-27T21:04:28.888776
https://letterboxd.com/film/sentimental-value/,Sentimental Value Early Access,3.38,13*,2023,2025-10-27T21:04:28.918534
https://letterboxd.com/film/if-i-had-legs-id-kick-you/,If I Had Legs I'd Kick You,3.77,17716,2023,2025-10-27T21:04:36.263437
https://letterboxd.com/film/if-i-had-legs-id-kick-you/,If I Had Legs I'd Kick You,3.77,17716,2023,2025-10-27T21:04:36.354534
https://letterboxd.com/film/if-you-see-something/,If You See Something with Live Q&A,3.56,16*,2024,2025-10-27T21:04:43.404745
https://letterboxd.com/film/if-you-see-something/,If You See Something with Live Q&A,3.56,16*,2024,2025-10-27T21:04:43.590839
https://letterboxd.com/film/wicked/,Wicked Re-Release,2.62,2490,2011,2025-10-27T21:04:44.732496
https://letterboxd.com/film/wicked/,Wicked Re-Release,2.62,2490,2011,2025-10-27T21:04:44.913664
https://letterboxd.com/film/train-dreams/,Train Dreams,3.87,2923,2024,2025-10-27T21:04:46.047631
https://letterboxd.com/film/train-dreams/,Train Dreams,3.87,2923,2024,2025-10-27T21:04:46.265993
https://letterboxd.com/film/after-the-hunt/,After the Hunt,3.23,11*,2021,2025-10-27T21:04:52.154705
https://letterboxd.com/film/after-the-hunt/,After the Hunt,3.23,11*,2021,2025-10-27T21:04:52.247079
https://letterboxd.com/film/pee-wees-big-adventure/,Pee-Wee's Big Adventure,3.51,106228,2011,2025-10-27T21:04:53.340211
https://letterboxd.com/film/pee-wees-big-adventure/,Pee-Wee's Big Adventure,3.51,106229,2011,2025-10-27T21:04:53.638655
https://letterboxd.com/film/branded-to-kill/,Branded to Kill,3.88,30651,2011,2025-10-27T21:04:54.979249
https://letterboxd.com/film/branded-to-kill/,Branded to Kill,3.88,30651,2011,2025-10-27T21:04:54.982252
https://letterboxd.com/film/nouvelle-vague/,Nouvelle Vague,3.63,2747,2011,2025-10-27T21:04:56.286552
https://letterboxd.com/film/nouvelle-vague/,Nouvelle Vague,3.63,2747,2011,2025-10-27T21:04:56.420740
https://letterboxd.com/film/tron-ares/,Tron: Ares,2.76,161613,2018,2025-10-27T21:04:57.688340
https://letterboxd.com/film/tron-ares/,Tron: Ares,2.76,161613,2018,2025-10-27T21:04:57.961325
https://letterboxd.com/film/the-descent/,The Descent,3.58,393455,2011,2025-10-27T21:04:59.053883
https://letterboxd.com/film/the-descent/,The Descent,3.58,393451,2011,2025-10-27T21:04:59.167999
https://letterboxd.com/film/desperately-seeking-susan/,Desperately Seeking Susan,3.39,40461,2011,2025-10-27T21:05:00.476823
https://letterboxd.com/film/desperately-seeking-susan/,Desperately Seeking Susan,3.39,40461,2011,2025-10-27T21:05:00.587734
https://letterboxd.com/film/depeche-mode-m/,Depeche Mode: M,3.95,83*,2025,2025-10-27T21:05:06.663729
https://letterboxd.com/film/depeche-mode-m/,Depeche Mode: M,3.95,83*,2025,2025-10-27T21:05:06.807364
https://letterboxd.com/film/glass-onion-a-knives-out-mystery/,Glass Onion: A Knives Out Mystery,3.39,2325934,2020,2025-10-27T21:05:16.537694
https://letterboxd.com/film/glass-onion-a-knives-out-mystery/,Glass Onion: A Knives Out Mystery,3.39,2325934,2020,2025-10-27T21:05:16.539548
https://letterboxd.com/film/chicken-run/,Chicken Run: 25th Anniversary,3.62,434603,2011,2025-10-27T21:05:19.058210
https://letterboxd.com/film/chicken-run/,Chicken Run: 25th Anniversary,3.62,434603,2011,2025-10-27T21:05:19.064217
https://letterboxd.com/film/planes-trains-and-automobiles/,"Planes, Trains & Automobiles",3.77,216703,2011,2025-10-27T21:05:20.302330
https://letterboxd.com/film/planes-trains-and-automobiles/,"Planes, Trains & Automobiles",3.77,216703,2011,2025-10-27T21:05:20.725471
https://letterboxd.com/film/to-live-and-die-in-la/,To Live and Die in L.A.,4.0,86375,2011,2025-10-27T21:05:22.046416
https://letterboxd.com/film/to-live-and-die-in-la/,To Live and Die in L.A.,4.0,86375,2011,2025-10-27T21:05:22.166602
https://letterboxd.com/film/hedda/,Hedda,3.29,283,2011,2025-10-27T21:05:25.054738
https://letterboxd.com/film/hedda/,Hedda,3.29,283,2011,2025-10-27T21:05:25.054907
https://letterboxd.com/film/queens-of-the-dead/,Queens of the Dead,3.43,2155,2024,2025-10-27T21:05:27.478789
https://letterboxd.com/film/queens-of-the-dead/,Queens of the Dead,3.43,2155,2024,2025-10-27T21:05:27.602869
https://letterboxd.com/film/the-lost-boys/,The Lost Boys,3.67,304391,2011,2025-10-27T21:05:30.207195
https://letterboxd.com/film/the-lost-boys/,The Lost Boys,3.67,304391,2011,2025-10-27T21:05:30.379270
https://letterboxd.com/film/roofman/,Roofman,3.56,79362,2024,2025-10-27T21:05:31.538743
https://letterboxd.com/film/roofman/,Roofman,3.56,79362,2024,2025-10-27T21:05:31.729363
https://letterboxd.com/film/chainsaws-were-singing/,Chainsaws Were Singing,3.41,1596,2024,2025-10-27T21:05:33.660297
https://letterboxd.com/film/chainsaws-were-singing/,Chainsaws Were Singing,3.41,1596,2024,2025-10-27T21:05:33.670599
https://letterboxd.com/film/paranorman/,ParaNorman Remastered,3.7,279707,2011,2025-10-27T21:05:35.018100
https://letterboxd.com/film/paranorman/,ParaNorman Remastered,3.7,279707,2011,2025-10-27T21:05:35.020639
https://letterboxd.com/film/the-goonies/,The Goonies,3.81,557881,2011,2025-10-27T21:05:36.420564
https://letterboxd.com/film/the-goonies/,The Goonies,3.81,557881,2011,2025-10-27T21:05:36.473892
https://letterboxd.com/film/heads-or-fails/,Heads or Fails,3.64,2419,2024,2025-10-27T21:05:37.880830
https://letterboxd.com/film/heads-or-fails/,Heads or Fails,3.64,2419,2024,2025-10-27T21:05:38.152373
https://letterboxd.com/film/dream-eater/,Eli Roth Presents: Dream Eater,2.88,686,2024,2025-10-27T21:05:39.326418
https://letterboxd.com/film/dream-eater/,Eli Roth Presents: Dream Eater,2.88,686,2024,2025-10-27T21:05:39.454050
https://letterboxd.com/film/confessions-of-a-young-american-housewife/,Confessions of a Young American Housewife,3.32,334,2011,2025-10-27T21:05:41.390908
https://letterboxd.com/film/confessions-of-a-young-american-housewife/,Confessions of a Young American Housewife,3.32,334,2011,2025-10-27T21:05:41.393404
https://letterboxd.com/film/invasion-of-astro-monster/,Invasion of Astro-Monster,3.2,22389,2011,2025-10-27T21:05:42.790970
https://letterboxd.com/film/invasion-of-astro-monster/,Invasion of Astro-Monster,3.2,22389,2011,2025-10-27T21:05:42.960833
https://letterboxd.com/film/angels-egg/,Angel's Egg (Dubbed),4.15,90935,2011,2025-10-27T21:05:45.340176
https://letterboxd.com/film/angels-egg/,Angel's Egg (Dubbed),4.15,90935,2011,2025-10-27T21:05:45.389423
https://letterboxd.com/film/beyond-the-darkness/,Beyond the Darkness,3.26,8658,2011,2025-10-27T21:05:46.991418
https://letterboxd.com/film/beyond-the-darkness/,Beyond the Darkness,3.26,8658,2011,2025-10-27T21:05:46.996347
https://letterboxd.com/film/blood-rage/,Blood Rage,3.17,19853,2011,2025-10-27T21:05:48.417095
https://letterboxd.com/film/blood-rage/,Blood Rage,3.17,19853,2011,2025-10-27T21:05:48.417413
https://letterboxd.com/film/land-of-the-dead/,Land of the Dead,2.92,53817,2011,2025-10-27T21:05:50.193333
https://letterboxd.com/film/land-of-the-dead/,Land of the Dead,2.92,53817,2011,2025-10-27T21:05:50.202817
https://letterboxd.com/film/the-beyond/,The Beyond (1981),3.52,59971,2011,2025-10-27T21:05:51.741770
https://letterboxd.com/film/the-beyond/,The Beyond (1981),3.52,59971,2011,2025-10-27T21:05:51.782637
https://letterboxd.com/film/the-fog/,The Fog,3.46,149941,2011,2025-10-27T21:05:53.093202
https://letterboxd.com/film/the-fog/,The Fog,3.46,149941,2011,2025-10-27T21:05:53.114700
https://letterboxd.com/film/beach-party/,Beach Party,2.93,2088,2011,2025-10-27T21:05:57.898411
https://letterboxd.com/film/beach-party/,Beach Party,2.93,2088,2011,2025-10-27T21:05:57.971508
https://letterboxd.com/film/bloodthirsty-butchers/,Bloodthirsty Butchers,2.73,850,2012,2025-10-27T21:05:59.859706
https://letterboxd.com/film/bloodthirsty-butchers/,Bloodthirsty Butchers,2.73,850,2012,2025-10-27T21:05:59.892456
https://letterboxd.com/film/sneakers/,Sneakers,3.56,41665,2011,2025-10-27T21:06:01.302101
https://letterboxd.com/film/sneakers/,Sneakers,3.56,41665,2011,2025-10-27T21:06:01.409988
https://letterboxd.com/film/bye-bye-love/,Bye Bye Love,2.93,1629,2011,2025-10-27T21:06:03.395447
https://letterboxd.com/film/bye-bye-love/,Bye Bye Love,2.93,1629,2011,2025-10-27T21:06:03.425736
https://letterboxd.com/film/happy-together/,Happy Together,3.02,1028,2011,2025-10-27T21:06:05.610010
https://letterboxd.com/film/happy-together/,Happy Together,3.02,1028,2011,2025-10-27T21:06:05.652259
https://letterboxd.com/film/wallace-and-gromit-the-curse-of-the-were-rabbit/,Wallace & Gromit: The Curse of the Were-Rabbit,3.87,300919,2011,2025-10-27T21:06:07.088696
https://letterboxd.com/film/wallace-and-gromit-the-curse-of-the-were-rabbit/,Wallace & Gromit: The Curse of the Were-Rabbit,3.87,300919,2011,2025-10-27T21:06:07.092980
https://letterboxd.com/film/the-unbearable-lightness-of-being/,The Unbearable Lightness of Being,3.66,22342,2011,2025-10-27T21:06:08.278061
https://letterboxd.com/film/the-unbearable-lightness-of-being/,The Unbearable Lightness of Being,3.66,22342,2011,2025-10-27T21:06:08.525551
https://letterboxd.com/film/the-wedding-banquet/,The Wedding Banquet,3.8,21931,2011,2025-10-27T21:06:09.745030
https://letterboxd.com/film/the-wedding-banquet/,The Wedding Banquet,3.8,21931,2011,2025-10-27T21:06:09.747064
https://letterboxd.com/film/morgiana/,Morgiana,3.84,8375,2011,2025-10-27T21:06:11.219171
https://letterboxd.com/film/morgiana/,Morgiana,3.84,8375,2011,2025-10-27T21:06:11.224861
https://letterboxd.com/film/the-beaches-of-agnes/,The Beaches of Agnès,4.32,28623,2011,2025-10-27T21:06:12.594627
https://letterboxd.com/film/the-beaches-of-agnes/,The Beaches of Agnès,4.32,28623,2011,2025-10-27T21:06:12.608176
https://letterboxd.com/film/alexandria-again-and-forever/,Alexandria: Again and Forever,3.65,1674,2012,2025-10-27T21:06:13.986925
https://letterboxd.com/film/alexandria-again-and-forever/,Alexandria: Again and Forever,3.65,1674,2012,2025-10-27T21:06:14.079105
https://letterboxd.com/film/coup-53/,Coup 53,3.77,1074,2019,2025-10-27T21:06:16.300511
https://letterboxd.com/film/coup-53/,Coup 53,3.77,1074,2019,2025-10-27T21:06:16.300550
https://letterboxd.com/film/kikujiro/,Kikujiro,4.04,31480,2011,2025-10-27T21:06:17.992605
https://letterboxd.com/film/kikujiro/,Kikujiro,4.04,31480,2011,2025-10-27T21:06:18.005598
https://letterboxd.com/film/the-lobster/,The Lobster,3.75,1018195,2014,2025-10-27T21:06:19.354641
https://letterboxd.com/film/the-lobster/,The Lobster,3.75,1018195,2014,2025-10-27T21:06:19.393097
https://letterboxd.com/film/charley-varrick/,Charley Varrick,3.84,13627,2011,2025-10-27T21:06:20.758550
https://letterboxd.com/film/charley-varrick/,Charley Varrick,3.84,13627,2011,2025-10-27T21:06:20.769941
https://letterboxd.com/film/the-handmaiden/,The Handmaiden,4.4,664671,2014,2025-10-27T21:06:22.136164
https://letterboxd.com/film/the-handmaiden/,The Handmaiden,4.4,664671,2014,2025-10-27T21:06:22.159682
https://letterboxd.com/film/an-egyptian-story/,An Egyptian Story,3.88,2241,2012,2025-10-27T21:06:23.977978
https://letterboxd.com/film/an-egyptian-story/,An Egyptian Story,3.88,2241,2012,2025-10-27T21:06:23.986970
https://letterboxd.com/film/the-death-of-mr-lazarescu/,The Death of Mr. Lazarescu,4.06,12454,2011,2025-10-27T21:06:25.476493
https://letterboxd.com/film/the-death-of-mr-lazarescu/,The Death of Mr. Lazarescu,4.06,12454,2011,2025-10-27T21:06:25.586027
https://letterboxd.com/film/the-talented-mr-ripley/,The Talented Mr. Ripley,3.87,525715,2011,2025-10-27T21:06:27.779596
https://letterboxd.com/film/the-talented-mr-ripley/,The Talented Mr. Ripley,3.87,525715,2011,2025-10-27T21:06:27.893036
https://letterboxd.com/film/return-to-oz/,Return to Oz,3.43,51504,2011,2025-10-27T21:06:29.187950
https://letterboxd.com/film/return-to-oz/,Return to Oz,3.43,51504,2011,2025-10-27T21:06:29.330712
https://letterboxd.com/film/the-girl-with-the-dragon-tattoo/,The Girl with the Dragon Tattoo,3.84,74853,2011,2025-10-27T21:06:30.779323
https://letterboxd.com/film/the-girl-with-the-dragon-tattoo/,The Girl with the Dragon Tattoo,3.84,74853,2011,2025-10-27T21:06:30.805663
https://letterboxd.com/film/ghost/,Ghost,3.57,256776,2011,2025-10-27T21:06:32.193222
https://letterboxd.com/film/ghost/,Ghost,3.57,256776,2011,2025-10-27T21:06:32.211381
https://letterboxd.com/film/hereditary/,Hereditary,3.94,2289030,2017,2025-10-27T21:06:33.581428
https://letterboxd.com/film/hereditary/,Hereditary,3.94,2289030,2017,2025-10-27T21:06:33.604520
https://letterboxd.com/film/a-nightmare-on-elm-street/,A Nightmare on Elm Street [35mm],3.72,686331,2012,2025-10-27T21:06:34.995046
https://letterboxd.com/film/a-nightmare-on-elm-street/,A Nightmare on Elm Street [35mm],3.72,686331,2012,2025-10-27T21:06:35.018840
https://letterboxd.com/film/ferat-vampire/,Ferat Vampire,3.18,1522,2011,2025-10-27T21:06:36.345159
https://letterboxd.com/film/ferat-vampire/,Ferat Vampire,3.18,1522,2011,2025-10-27T21:06:36.372959
https://letterboxd.com/film/possession/,Possession [35mm],4.05,381715,2011,2025-10-27T21:06:37.685190
https://letterboxd.com/film/possession/,Possession [35mm],4.05,381715,2011,2025-10-27T21:06:37.717008
https://letterboxd.com/film/mars-attacks/,Mars Attacks!,3.25,256598,2011,2025-10-27T21:06:39.132075
https://letterboxd.com/film/mars-attacks/,Mars Attacks!,3.25,256598,2011,2025-10-27T21:06:39.294788
https://letterboxd.com/film/the-ninth-heart/,The Ninth Heart,3.55,908,2014,2025-10-27T21:06:41.104530
https://letterboxd.com/film/the-ninth-heart/,The Ninth Heart,3.55,908,2014,2025-10-27T21:06:41.156676
https://letterboxd.com/film/please-forgive-me/,Please Forgive Me,2.69,104*,2016,2025-10-27T21:06:54.027465
https://letterboxd.com/film/please-forgive-me/,Please Forgive Me,2.69,104*,2016,2025-10-27T21:06:54.060178
https://letterboxd.com/film/the-shootist/,The Shootist,3.7,12856,2011,2025-10-27T21:06:55.733382
https://letterboxd.com/film/the-shootist/,The Shootist,3.7,12856,2011,2025-10-27T21:06:55.736255
https://letterboxd.com/film/nomad/,Nomad,3.77,4357,2013,2025-10-27T21:06:57.356959
https://letterboxd.com/film/nomad/,Nomad,3.77,4357,2013,2025-10-27T21:06:57.357022
https://letterboxd.com/film/the-cremator/,The Cremator,4.29,43728,2011,2025-10-27T21:06:58.738132
https://letterboxd.com/film/the-cremator/,The Cremator,4.29,43728,2011,2025-10-27T21:06:58.753872
https://letterboxd.com/film/tokyo-story/,Tokyo Story [DCP],4.43,130639,2011,2025-10-27T21:07:00.132394
https://letterboxd.com/film/tokyo-story/,Tokyo Story [DCP],4.43,130639,2011,2025-10-27T21:07:00.297736
https://letterboxd.com/film/stateless-things/,Stateless Things,3.31,243,2012,2025-10-27T21:07:03.305217
https://letterboxd.com/film/stateless-things/,Stateless Things,3.31,243,2012,2025-10-27T21:07:03.364640
https://letterboxd.com/film/escape-from-alcatraz/,Escape from Alcatraz,3.77,158320,2011,2025-10-27T21:07:04.743436
https://letterboxd.com/film/escape-from-alcatraz/,Escape from Alcatraz,3.77,158320,2011,2025-10-27T21:07:04.837233
https://letterboxd.com/film/beauty-and-the-beast/,Beauty and the Beast,4.08,50122,2011,2025-10-27T21:07:06.057856
https://letterboxd.com/film/beauty-and-the-beast/,Beauty and the Beast,4.08,50122,2011,2025-10-27T21:07:06.191373
https://letterboxd.com/film/the-land/,The Land,4.08,4742,2012,2025-10-27T21:07:08.240312
https://letterboxd.com/film/the-land/,The Land,4.08,4742,2012,2025-10-27T21:07:08.241629
https://letterboxd.com/film/made-in-hong-kong/,Made in Hong Kong,4.11,17826,2011,2025-10-27T21:07:12.013566
https://letterboxd.com/film/made-in-hong-kong/,Made in Hong Kong,4.11,17826,2011,2025-10-27T21:07:12.092181
https://letterboxd.com/film/the-magnificent-ambersons/,The Magnificent Ambersons,3.89,37064,2011,2025-10-27T21:07:13.520826
https://letterboxd.com/film/the-magnificent-ambersons/,The Magnificent Ambersons,3.89,37064,2011,2025-10-27T21:07:13.558757
https://letterboxd.com/film/a-star-is-born/,A Star Is Born,3.63,12632,2011,2025-10-27T21:07:15.006533
https://letterboxd.com/film/a-star-is-born/,A Star Is Born,3.63,12632,2011,2025-10-27T21:07:15.073789
https://letterboxd.com/film/licorice-pizza/,Licorice Pizza,3.55,720200,2020,2025-10-27T21:07:16.820227
https://letterboxd.com/film/licorice-pizza/,Licorice Pizza,3.55,720200,2020,2025-10-27T21:07:16.821633
https://letterboxd.com/film/im-not-everything-i-want-to-be/,I'm Not Everything I Want to Be,4.05,3931,2021,2025-10-27T21:07:18.304821
https://letterboxd.com/film/im-not-everything-i-want-to-be/,I'm Not Everything I Want to Be,4.05,3931,2021,2025-10-27T21:07:18.364578
https://letterboxd.com/film/hi-mom/,Hi  Mom!,3.52,21051,2011,2025-10-27T21:07:19.814759
https://letterboxd.com/film/hi-mom/,Hi  Mom!,3.52,21051,2011,2025-10-27T21:07:19.884505
https://letterboxd.com/film/trouble-every-day/,Trouble Every Day,3.4,44248,2011,2025-10-27T21:07:21.024134
https://letterboxd.com/film/trouble-every-day/,Trouble Every Day,3.4,44248,2011,2025-10-27T21:07:21.215759
https://letterboxd.com/film/la-chinoise/,La Chinoise,3.74,47302,2011,2025-10-27T21:07:22.343955
https://letterboxd.com/film/la-chinoise/,La Chinoise,3.74,47302,2011,2025-10-27T21:07:22.520487
https://letterboxd.com/film/frauenarzt-dr-schafer/,Frauenarzt Dr. Schäfer,3.7,10*,2019,2025-10-27T21:07:29.752238
https://letterboxd.com/film/frauenarzt-dr-schafer/,Frauenarzt Dr. Schäfer,3.7,10*,2019,2025-10-27T21:07:29.756684
https://letterboxd.com/film/gerry/,Gerry,3.44,19622,2011,2025-10-27T21:07:31.202774
https://letterboxd.com/film/gerry/,Gerry,3.44,19622,2011,2025-10-27T21:07:31.207196
https://letterboxd.com/film/rouge/,Rouge,3.87,12016,2011,2025-10-27T21:07:33.685903
https://letterboxd.com/film/rouge/,Rouge,3.87,12016,2011,2025-10-27T21:07:33.686064
https://letterboxd.com/film/shadows-of-forgotten-ancestors/,Shadows of Forgotten Ancestors,4.05,15892,2011,2025-10-27T21:07:35.041094
https://letterboxd.com/film/shadows-of-forgotten-ancestors/,Shadows of Forgotten Ancestors,4.05,15892,2011,2025-10-27T21:07:35.077872
https://letterboxd.com/film/dazed-and-confused/,Dazed and Confused,3.91,514289,2011,2025-10-27T21:07:36.480354
https://letterboxd.com/film/dazed-and-confused/,Dazed and Confused,3.91,514289,2011,2025-10-27T21:07:36.545074
https://letterboxd.com/film/the-stone-cross/,The Stone Cross,3.68,547,2014,2025-10-27T21:07:37.821925
https://letterboxd.com/film/the-stone-cross/,The Stone Cross,3.68,547,2014,2025-10-27T21:07:37.847874
https://letterboxd.com/film/babylon-xx/,Babylon XX,3.64,471,2014,2025-10-27T21:07:39.130575
https://letterboxd.com/film/babylon-xx/,Babylon XX,3.64,471,2014,2025-10-27T21:07:39.187659
https://letterboxd.com/film/betty-blue/,Betty Blue,3.91,30202,2011,2025-10-27T21:07:40.686868
https://letterboxd.com/film/betty-blue/,Betty Blue,3.91,30202,2011,2025-10-27T21:07:40.691055
https://letterboxd.com/film/mean-streets/,Mean Streets,3.72,196599,2011,2025-10-27T21:07:42.118250
https://letterboxd.com/film/mean-streets/,Mean Streets,3.72,196599,2011,2025-10-27T21:07:42.161865
https://letterboxd.com/film/jacquot-de-nantes/,Jacquot de Nantes,4.15,7848,2011,2025-10-27T21:07:43.557616
https://letterboxd.com/film/jacquot-de-nantes/,Jacquot de Nantes,4.15,7848,2011,2025-10-27T21:07:43.559561
https://letterboxd.com/film/moonstruck/,Moonstruck,3.79,210720,2011,2025-10-27T21:07:44.984375
https://letterboxd.com/film/moonstruck/,Moonstruck,3.79,210720,2011,2025-10-27T21:07:44.987560
https://letterboxd.com/film/the-bodyguard/,The Bodyguard,3.02,46*,2014,2025-10-27T21:07:52.511132
https://letterboxd.com/film/the-bodyguard/,The Bodyguard,3.02,46*,2014,2025-10-27T21:07:52.637570
https://letterboxd.com/film/time/,ACE Presents: Time,3.59,7090,2011,2025-10-27T21:07:54.300266
https://letterboxd.com/film/time/,ACE Presents: Time,3.59,7090,2011,2025-10-27T21:07:54.309521
https://letterboxd.com/film/downtown-81/,Downtown 81,3.6,7320,2011,2025-10-27T21:07:55.613285
https://letterboxd.com/film/downtown-81/,Downtown 81,3.6,7320,2011,2025-10-27T21:07:55.645187
https://letterboxd.com/film/the-eve-of-ivan-kupalo/,The Eve of Ivan Kupalo,3.99,1708,2014,2025-10-27T21:07:57.916063
https://letterboxd.com/film/the-eve-of-ivan-kupalo/,The Eve of Ivan Kupalo,3.99,1708,2014,2025-10-27T21:07:57.916132
https://letterboxd.com/film/the-blackout/,The Blackout,3.62,4777,2011,2025-10-27T21:07:59.728097
https://letterboxd.com/film/the-blackout/,The Blackout,3.62,4777,2011,2025-10-27T21:08:00.341555
https://letterboxd.com/film/killer-of-sheep/,Killer of Sheep,3.97,25626,2011,2025-10-27T21:08:03.736478
https://letterboxd.com/film/killer-of-sheep/,Killer of Sheep,3.97,25626,2011,2025-10-27T21:08:03.968356
https://letterboxd.com/film/a-spring-for-the-thirsty/,A Spring for the Thirsty,3.96,1032,2012,2025-10-27T21:08:05.966531
https://letterboxd.com/film/a-spring-for-the-thirsty/,A Spring for the Thirsty,3.96,1032,2012,2025-10-27T21:08:05.971159
https://letterboxd.com/film/the-stendhal-syndrome/,The Stendhal Syndrome,3.25,13256,2011,2025-10-27T21:08:07.360879
https://letterboxd.com/film/the-stendhal-syndrome/,The Stendhal Syndrome,3.25,13256,2011,2025-10-27T21:08:07.404127
https://letterboxd.com/film/the-white-bird-marked-with-black/,The White Bird Marked with Black,3.77,759,2014,2025-10-27T21:08:09.558873
https://letterboxd.com/film/the-white-bird-marked-with-black/,The White Bird Marked with Black,3.77,759,2014,2025-10-27T21:08:09.560615
https://letterboxd.com/film/new-rose-hotel/,New Rose Hotel,3.42,19919,2011,2025-10-27T21:08:10.993141
https://letterboxd.com/film/new-rose-hotel/,New Rose Hotel,3.42,19919,2011,2025-10-27T21:08:11.051165
https://letterboxd.com/film/swan-lake-the-zone/,Swan Lake. The Zone,3.56,234,2014,2025-10-27T21:08:13.245228
https://letterboxd.com/film/swan-lake-the-zone/,Swan Lake. The Zone,3.56,234,2014,2025-10-27T21:08:13.268090
https://letterboxd.com/film/terra-femme/,Performa presents: Terra Femme,3.63,389,2021,2025-10-27T21:08:15.682302
https://letterboxd.com/film/terra-femme/,Performa presents: Terra Femme,3.63,389,2021,2025-10-27T21:08:15.686424
https://letterboxd.com/film/stalker/,Stalker,4.41,317282,2011,2025-10-27T21:08:16.981172
https://letterboxd.com/film/stalker/,Stalker,4.41,317282,2011,2025-10-27T21:08:17.013696
https://letterboxd.com/film/mad-max-beyond-thunderdome/,Mad Max Beyond Thunderdome,2.97,151972,2011,2025-10-27T21:08:18.428247
https://letterboxd.com/film/mad-max-beyond-thunderdome/,Mad Max Beyond Thunderdome,2.97,151972,2011,2025-10-27T21:08:18.445107
https://letterboxd.com/film/speed/,Speed,3.69,380630,2011,2025-10-27T21:08:19.913712
https://letterboxd.com/film/speed/,Speed,3.69,380630,2011,2025-10-27T21:08:19.966343
https://letterboxd.com/film/bill-teds-excellent-adventure/,Bill & Ted's Excellent Adventure,3.67,219529,2011,2025-10-27T21:08:21.542469
https://letterboxd.com/film/bill-teds-excellent-adventure/,Bill & Ted's Excellent Adventure,3.67,219529,2011,2025-10-27T21:08:21.737878
https://letterboxd.com/film/daughters-daughter/,Daughter's Daughter,3.25,994,2022,2025-10-27T21:08:24.806134
https://letterboxd.com/film/daughters-daughter/,Daughter's Daughter,3.25,994,2022,2025-10-27T21:08:24.846623
https://letterboxd.com/film/bacurau/,Bacurau,3.91,153982,2017,2025-10-27T21:08:26.246726
https://letterboxd.com/film/bacurau/,Bacurau,3.91,153982,2017,2025-10-27T21:08:26.282721
https://letterboxd.com/film/the-red-spectacles/,The Red Spectacles,3.66,3608,2011,2025-10-27T21:08:27.614776
https://letterboxd.com/film/the-red-spectacles/,The Red Spectacles,3.66,3608,2011,2025-10-27T21:08:27.706665
https://letterboxd.com/film/dangerous-game/,Dangerous Game,3.54,6352,2011,2025-10-27T21:08:28.884431
https://letterboxd.com/film/dangerous-game/,Dangerous Game,3.54,6352,2011,2025-10-27T21:08:29.045422
https://letterboxd.com/film/mirror/,Mirror,4.33,160886,2011,2025-10-27T21:08:30.307032
https://letterboxd.com/film/mirror/,Mirror,4.33,160886,2011,2025-10-27T21:08:30.524676
https://letterboxd.com/film/pictures-of-ghosts/,Pictures of Ghosts,3.89,33482,2023,2025-10-27T21:08:31.620528
https://letterboxd.com/film/pictures-of-ghosts/,Pictures of Ghosts,3.89,33482,2023,2025-10-27T21:08:31.740323
https://letterboxd.com/film/neighboring-sounds/,Neighboring Sounds,3.76,30828,2012,2025-10-27T21:08:33.084695
https://letterboxd.com/film/neighboring-sounds/,Neighboring Sounds,3.76,30828,2012,2025-10-27T21:08:33.117045
https://letterboxd.com/film/inflatable-sex-doll-of-the-wastelands/,Inflatable Sex Doll of the Wastelands,3.27,1937,2012,2025-10-27T21:08:35.497251
https://letterboxd.com/film/inflatable-sex-doll-of-the-wastelands/,Inflatable Sex Doll of the Wastelands,3.27,1937,2012,2025-10-27T21:08:35.594859
https://letterboxd.com/film/lintrus/,L'intrus,3.22,9*,2011,2025-10-27T21:08:41.435003
https://letterboxd.com/film/lintrus/,L'intrus,3.22,9*,2011,2025-10-27T21:08:41.579997
https://letterboxd.com/film/my-friend-ivan-lapshin/,My Friend Ivan Lapshin,3.89,3803,2012,2025-10-27T21:08:43.812974
https://letterboxd.com/film/my-friend-ivan-lapshin/,My Friend Ivan Lapshin,3.89,3803,2012,2025-10-27T21:08:43.844774
https://letterboxd.com/film/evening-news/,Evening News,3.15,50*,2021,2025-10-27T21:08:50.523433
https://letterboxd.com/film/evening-news/,Evening News,3.15,50*,2021,2025-10-27T21:08:50.695904
https://letterboxd.com/film/unmarried-mothers/,Unmarried Mothers,3.39,71*,2021,2025-10-27T21:08:57.274065
https://letterboxd.com/film/unmarried-mothers/,Unmarried Mothers,3.39,71*,2021,2025-10-27T21:08:57.287682
https://letterboxd.com/film/girls-school/,Girls' School,2.97,105*,2013,2025-10-27T21:09:04.422652
https://letterboxd.com/film/girls-school/,Girls' School,2.97,105*,2013,2025-10-27T21:09:04.524627
https://letterboxd.com/film/the-end-of-evangelion/,The End of Evangelion,4.47,436724,2011,2025-10-27T21:09:07.014756
https://letterboxd.com/film/the-end-of-evangelion/,The End of Evangelion,4.47,436724,2011,2025-10-27T21:09:07.235239
https://letterboxd.com/film/mistress-dispeller/,Mistress Dispeller,3.21,7*,2021,2025-10-27T21:09:13.145838
https://letterboxd.com/film/stiller-meara-nothing-is-lost/,Stiller & Meara: Nothing is Lost,3.56,924,2025,2025-10-27T21:09:14.855938
https://letterboxd.com/film/stiller-meara-nothing-is-lost/,Stiller & Meara: Nothing is Lost,3.56,924,2025,2025-10-27T21:09:15.736037
https://letterboxd.com/film/fuck-my-son/,Fuck My Son!,2.57,833,2025,2025-10-27T21:09:16.148348
https://letterboxd.com/film/fuck-my-son/,Fuck My Son!,2.57,833,2025,2025-10-27T21:09:17.031475
https://letterboxd.com/film/koln-75/,Köln 75,3.52,3788,2023,2025-10-27T21:09:17.745860
https://letterboxd.com/film/koln-75/,Köln 75,3.52,3788,2023,2025-10-27T21:09:18.657305
https://letterboxd.com/film/ballad-of-a-small-player/,Ballad of a Small Player,2.9,4419,2024,2025-10-27T21:09:19.090758
https://letterboxd.com/film/ballad-of-a-small-player/,Ballad of a Small Player,2.9,4419,2024,2025-10-27T21:09:20.090893
https://letterboxd.com/film/frankenstein/,FRANKENSTEIN in 35MM,3.23,13425,2011,2025-10-27T21:09:23.631371
https://letterboxd.com/film/frankenstein/,FRANKENSTEIN in 35MM,3.23,13425,2011,2025-10-27T21:09:23.634380
https://letterboxd.com/film/jay-kelly/,JAY KELLY in 35MM,3.35,4783,2023,2025-10-27T21:09:25.052567
https://letterboxd.com/film/jay-kelly/,JAY KELLY in 35MM,3.35,4783,2023,2025-10-27T21:09:25.343056
https://letterboxd.com/film/blue-moon/,BLUE MOON,3.11,83*,2011,2025-10-27T21:09:31.299397
https://letterboxd.com/film/blue-moon/,BLUE MOON,3.11,83*,2011,2025-10-27T21:09:31.340752
https://letterboxd.com/film/the-mastermind/,THE MASTERMIND,2.5,18*,2011,2025-10-27T21:09:37.369750
https://letterboxd.com/film/the-mastermind/,THE MASTERMIND,2.5,18*,2011,2025-10-27T21:09:37.374110
https://letterboxd.com/film/rebuilding/,REBUILDING,3.59,1996,2023,2025-10-27T21:09:38.743180
https://letterboxd.com/film/rebuilding/,REBUILDING,3.59,1996,2023,2025-10-27T21:09:38.746836
https://letterboxd.com/film/little-amelie-or-the-character-of-rain/,LITTLE AMÉLIE OR THE CHARACTER OF RAIN,4.09,13159,2020,2025-10-27T21:09:40.270144
https://letterboxd.com/film/little-amelie-or-the-character-of-rain/,LITTLE AMÉLIE OR THE CHARACTER OF RAIN,4.09,13159,2020,2025-10-27T21:09:40.286407
https://letterboxd.com/film/the-age-of-disclosure/,THE AGE OF DISCLOSURE,3.07,51*,2025,2025-10-27T21:09:46.398558
https://letterboxd.com/film/the-age-of-disclosure/,THE AGE OF DISCLOSURE,3.07,51*,2025,2025-10-27T21:09:46.431525
https://letterboxd.com/film/citizen-kane/,CITIZEN KANE in 35MM,4.19,565044,2011,2025-10-27T21:09:49.097171
https://letterboxd.com/film/citizen-kane/,CITIZEN KANE in 35MM,4.19,565044,2011,2025-10-27T21:09:49.103100
https://letterboxd.com/film/the-lady-eve/,THE LADY EVE in 35MM,3.96,40875,2011,2025-10-27T21:09:50.525933
https://letterboxd.com/film/the-lady-eve/,THE LADY EVE in 35MM,3.96,40875,2011,2025-10-27T21:09:50.738809
https://letterboxd.com/film/psycho/,PSYCHO,4.31,1177697,2011,2025-10-27T21:09:52.049466
https://letterboxd.com/film/psycho/,PSYCHO,4.31,1177697,2011,2025-10-27T21:09:52.083667
https://letterboxd.com/film/bucha/,BUCHA,2.72,190*,2023,2025-10-27T21:09:59.057925
https://letterboxd.com/film/bucha/,BUCHA,2.72,190*,2023,2025-10-27T21:09:59.082982
https://letterboxd.com/film/mccabe-mrs-miller/,McCabe & Mrs. Miller,4.13,57564,2011,2025-10-27T21:10:06.614282
https://letterboxd.com/film/mccabe-mrs-miller/,McCabe & Mrs. Miller,4.13,57564,2011,2025-10-27T21:10:06.754194
https://letterboxd.com/film/tomorrow/,Tomorrow,3.59,826,2012,2025-10-27T21:10:08.721941
https://letterboxd.com/film/tomorrow/,Tomorrow,3.59,826,2012,2025-10-27T21:10:08.783076
https://letterboxd.com/film/frankenstein-1931/,Frankenstein (1931),3.79,189451,2011,2025-10-27T21:10:10.050014
https://letterboxd.com/film/frankenstein-1931/,Frankenstein (1931),3.79,189451,2011,2025-10-27T21:10:10.098811
https://letterboxd.com/film/the-bride-of-frankenstein/,The Bride of Frankenstein,2.67,3*,2020,2025-10-27T21:10:16.018944
https://letterboxd.com/film/the-bride-of-frankenstein/,The Bride of Frankenstein,2.67,3*,2020,2025-10-27T21:10:16.053407
https://letterboxd.com/film/pans-labyrinth/,Pan's Labyrinth,4.15,858045,2011,2025-10-27T21:10:17.259367
https://letterboxd.com/film/pans-labyrinth/,Pan's Labyrinth,4.15,858045,2011,2025-10-27T21:10:17.529175
https://letterboxd.com/film/the-spirit-of-the-beehive/,The Spirit of the Beehive,4.17,49811,2011,2025-10-27T21:10:19.777692
https://letterboxd.com/film/the-spirit-of-the-beehive/,The Spirit of the Beehive,4.17,49811,2011,2025-10-27T21:10:20.138412
https://letterboxd.com/film/the-devils-backbone/,The Devil's Backbone,3.83,80551,2011,2025-10-27T21:10:21.259297
https://letterboxd.com/film/the-devils-backbone/,The Devil's Backbone,3.83,80551,2011,2025-10-27T21:10:21.467371
https://letterboxd.com/film/guillermo-del-toros-pinocchio/,Guillermo del Toro's Pinocchio,3.99,614934,2020,2025-10-27T21:10:22.831219
https://letterboxd.com/film/guillermo-del-toros-pinocchio/,Guillermo del Toro's Pinocchio,3.99,614934,2020,2025-10-27T21:10:22.896398
https://letterboxd.com/film/la-belle-et-la-bete/,La Belle et la Bête,1.81,72*,2014,2025-10-27T21:10:31.494573
https://letterboxd.com/film/la-belle-et-la-bete/,La Belle et la Bête,1.81,72*,2014,2025-10-27T21:10:31.696370
https://letterboxd.com/film/the-shape-of-water/,The Shape of Water,3.66,935965,2016,2025-10-27T21:10:32.744677
https://letterboxd.com/film/the-shape-of-water/,The Shape of Water,3.66,935965,2016,2025-10-27T21:10:33.120027
https://letterboxd.com/film/hellboy/,Hellboy,3.42,287182,2011,2025-10-27T21:10:34.192252
https://letterboxd.com/film/hellboy/,Hellboy,3.42,287182,2011,2025-10-27T21:10:34.573238
https://letterboxd.com/film/hellboy-ii-the-golden-army/,Hellboy II: The Golden Army,3.44,185421,2011,2025-10-27T21:10:35.616416
https://letterboxd.com/film/hellboy-ii-the-golden-army/,Hellboy II: The Golden Army,3.44,185421,2011,2025-10-27T21:10:35.966013
https://letterboxd.com/film/the-curse-of-frankenstein/,The Curse of Frankenstein,3.52,23939,2011,2025-10-27T21:10:37.230128
https://letterboxd.com/film/the-curse-of-frankenstein/,The Curse of Frankenstein,3.52,23939,2011,2025-10-27T21:10:37.297685
https://letterboxd.com/film/blade-ii/,Blade II,3.29,182513,2011,2025-10-27T21:10:38.533943
https://letterboxd.com/film/blade-ii/,Blade II,3.29,182513,2011,2025-10-27T21:10:38.631181
https://letterboxd.com/film/pacific-rim/,Pacific Rim,3.44,564005,2011,2025-10-27T21:10:39.978528
https://letterboxd.com/film/pacific-rim/,Pacific Rim,3.44,564005,2011,2025-10-27T21:10:40.104337
https://letterboxd.com/film/crimson-peak/,Crimson Peak,3.42,349017,2013,2025-10-27T21:10:41.343385
https://letterboxd.com/film/crimson-peak/,Crimson Peak,3.42,349017,2013,2025-10-27T21:10:41.494165
https://letterboxd.com/film/mimic/,Mimic: The Director's Cut,2.98,50914,2011,2025-10-27T21:10:42.744394
https://letterboxd.com/film/mimic/,Mimic: The Director's Cut,2.98,50914,2011,2025-10-27T21:10:42.881995
https://letterboxd.com/film/house-on-haunted-hill/,House on Haunted Hill,3.44,66714,2011,2025-10-27T21:10:43.944784
https://letterboxd.com/film/house-on-haunted-hill/,House on Haunted Hill,3.44,66715,2011,2025-10-27T21:10:44.293000
https://letterboxd.com/film/the-tree-of-life/,The Tree of Life,2.24,38*,2011,2025-10-27T21:10:53.019954
https://letterboxd.com/film/the-tree-of-life/,The Tree of Life,2.24,38*,2011,2025-10-27T21:10:53.274367
https://letterboxd.com/film/wisdom-of-happiness/,Wisdom of Happiness,3.25,618,2024,2025-10-27T21:10:54.374009
https://letterboxd.com/film/wisdom-of-happiness/,Wisdom of Happiness,3.25,618,2024,2025-10-27T21:10:54.690949
https://letterboxd.com/film/el-equipo/,El Equipo with Bernardo Ruiz in person,3.87,99*,2022,2025-10-27T21:11:01.181740
https://letterboxd.com/film/el-equipo/,El Equipo with Bernardo Ruiz in person,3.87,99*,2022,2025-10-27T21:11:01.281330
https://letterboxd.com/film/the-sting/,The Sting,4.2,166729,2011,2025-10-27T21:11:02.607109
https://letterboxd.com/film/the-sting/,The Sting,4.2,166729,2011,2025-10-27T21:11:02.701304
https://letterboxd.com/film/mr-melvin/,Mr. Melvin,3.23,132*,2025,2025-10-27T21:11:16.896766
https://letterboxd.com/film/mr-melvin/,Mr. Melvin,3.23,132*,2025,2025-10-27T21:11:16.902041
https://letterboxd.com/film/caravan/,Caravan,3.21,114*,2013,2025-10-27T21:11:24.451326
https://letterboxd.com/film/caravan/,Caravan,3.21,114*,2013,2025-10-27T21:11:24.469781
https://letterboxd.com/film/butch-cassidy-and-the-sundance-kid/,Butch Cassidy and the Sundance Kid,4.16,167165,2011,2025-10-27T21:11:25.914689
https://letterboxd.com/film/butch-cassidy-and-the-sundance-kid/,Butch Cassidy and the Sundance Kid,4.16,167165,2011,2025-10-27T21:11:25.915392
https://letterboxd.com/film/it-was-just-an-accident/,IT WAS JUST AN ACCIDENT,4.05,42519,2025,2025-10-27T21:11:29.430784
https://letterboxd.com/film/it-was-just-an-accident/,IT WAS JUST AN ACCIDENT,4.05,42519,2025,2025-10-27T21:11:29.456989
https://letterboxd.com/film/the-librarians/,THE LIBRARIANS,2.82,186*,2012,2025-10-27T21:11:37.506526
https://letterboxd.com/film/the-librarians/,THE LIBRARIANS,2.82,186*,2012,2025-10-27T21:11:37.540145
https://letterboxd.com/film/day-of-the-dead/,Day of the Dead (1985) 40th Anniversary,3.77,99370,2011,2025-10-27T21:21:45.717236
https://letterboxd.com/film/wake-up-dead-man-a-knives-out-mystery/,Wake Up Dead Man: A Knives Out Mystery with Livestream Q&A,3.9,6876,2021,2025-10-27T21:21:53.419004
https://letterboxd.com/film/the-beyond/,The Beyond (1981),3.52,59974,2011,2025-10-27T21:22:16.256437
https://letterboxd.com/film/day-of-the-dead/,Day of the Dead (1985) 40th Anniversary,3.77,99370,2011,2025-10-27T21:25:26.350819
https://letterboxd.com/film/wake-up-dead-man-a-knives-out-mystery/,Wake Up Dead Man: A Knives Out Mystery with Livestream Q&A,3.9,6876,2021,2025-10-27T21:25:33.919284
https://letterboxd.com/film/the-beyond/,The Beyond (1981),3.52,59974,2011,2025-10-27T21:25:56.691008
https://letterboxd.com/film/bill-teds-excellent-adventure/,Bill & Ted's Excellent Adventure,3.67,219531,2011,2025-10-27T21:26:17.194446
https://letterboxd.com/film/stiller-meara-nothing-is-lost/,Stiller & Meara: Nothing is Lost,3.56,925,2025,2025-10-27T21:26:22.337173
https://letterboxd.com/film/mccabe-mrs-miller/,McCabe & Mrs. Miller,4.13,57565,2011,2025-10-27T21:26:31.440929
https://letterboxd.com/film/el-equipo/,El Equipo with Bernardo Ruiz in person,3.87,99*,2022,2025-10-27T21:26:42.375129
https://letterboxd.com/film/day-of-the-dead/,Day of the Dead (1985) 40th Anniversary,3.77,99373,2011,2025-10-27T21:38:07.160875
https://letterboxd.com/film/day-of-the-dead/,Day of the Dead (1985) 40th Anniversary,3.77,99373,2011,2025-10-27T21:38:14.100580
https://letterboxd.com/film/wake-up-dead-man-a-knives-out-mystery/,Wake Up Dead Man: A Knives Out Mystery with Livestream Q&A,3.9,6875,2021,2025-10-27T21:38:14.928117
https://letterboxd.com/film/wake-up-dead-man-a-knives-out-mystery/,Wake Up Dead Man: A Knives Out Mystery with Livestream Q&A,3.9,6875,2021,2025-10-27T21:38:21.653427
https://letterboxd.com/film/the-beyond/,The Beyond (1981),3.52,59974,2011,2025-10-27T21:38:37.758688
https://letterboxd.com/film/the-beyond/,The Beyond (1981),3.52,59974,2011,2025-10-27T21:38:44.438617
https://letterboxd.com/film/bill-teds-excellent-adventure/,Bill & Ted's Excellent Adventure,3.67,219531,2011,2025-10-27T21:38:58.073896
https://letterboxd.com/film/stiller-meara-nothing-is-lost/,Stiller & Meara: Nothing is Lost,3.56,927,2025,2025-10-27T21:39:02.875650
https://letterboxd.com/film/bill-teds-excellent-adventure/,Bill & Ted's Excellent Adventure,3.67,219532,2011,2025-10-27T21:39:05.021683
https://letterboxd.com/film/stiller-meara-nothing-is-lost/,Stiller & Meara: Nothing is Lost,3.56,930,2025,2025-10-27T21:39:10.572092
https://letterboxd.com/film/mccabe-mrs-miller/,McCabe & Mrs. Miller,4.13,57565,2011,2025-10-27T21:39:11.600275
https://letterboxd.com/film/mccabe-mrs-miller/,McCabe & Mrs. Miller,4.13,57565,2011,2025-10-27T21:39:19.050477
https://letterboxd.com/film/el-equipo/,El Equipo with Bernardo Ruiz in person,3.87,99*,2022,2025-10-27T21:39:22.613535
https://letterboxd.com/film/el-equipo/,El Equipo with Bernardo Ruiz in person,3.87,99*,2022,2025-10-27T21:39:30.071853
https://letterboxd.com/film/day-of-the-dead/,Day of the Dead (1985) 40th Anniversary,3.77,99373,2011,2025-10-27T21:42:58.178809
https://letterboxd.com/film/wake-up-dead-man-a-knives-out-mystery/,Wake Up Dead Man: A Knives Out Mystery with Livestream Q&A,3.9,6875,2021,2025-10-27T21:43:05.880863
https://letterboxd.com/film/the-beyond/,The Beyond (1981),3.52,59974,2011,2025-10-27T21:43:28.938271
https://letterboxd.com/film/bill-teds-excellent-adventure/,Bill & Ted's Excellent Adventure,3.67,219532,2011,2025-10-27T21:43:49.416143
https://letterboxd.com/film/stiller-meara-nothing-is-lost/,Stiller & Meara: Nothing is Lost,3.56,930,2025,2025-10-27T21:43:54.555931
https://letterboxd.com/film/mccabe-mrs-miller/,McCabe & Mrs. Miller,4.13,57565,2011,2025-10-27T21:44:03.545503
https://letterboxd.com/film/el-equipo/,El Equipo with Bernardo Ruiz in person,3.87,99*,2022,2025-10-27T21:44:14.502923
https://letterboxd.com/film/day-of-the-dead/,Day of the Dead (1985) 40th Anniversary,3.77,99374,2011,2025-10-27T21:45:34.477901
https://letterboxd.com/film/wake-up-dead-man-a-knives-out-mystery/,Wake Up Dead Man: A Knives Out Mystery with Livestream Q&A,3.9,6875,2021,2025-10-27T21:45:42.113461
https://letterboxd.com/film/the-beyond/,The Beyond (1981),3.52,59974,2011,2025-10-27T21:46:04.916756
https://letterboxd.com/film/day-of-the-dead/,Day of the Dead (1985) 40th Anniversary,3.77,99374,2011,2025-10-27T21:46:19.516436
https://letterboxd.com/film/wake-up-dead-man-a-knives-out-mystery/,Wake Up Dead Man: A Knives Out Mystery with Livestream Q&A,3.9,6875,2021,2025-10-27T21:46:26.946994
https://letterboxd.com/film/the-beyond/,The Beyond (1981),3.52,59974,2011,2025-10-27T21:46:49.579233
https://letterboxd.com/film/day-of-the-dead/,Day of the Dead (1985) 40th Anniversary,3.77,99374,2011,2025-10-27T21:47:22.095411
https://letterboxd.com/film/wake-up-dead-man-a-knives-out-mystery/,Wake Up Dead Man: A Knives Out Mystery with Livestream Q&A,3.9,6875,2021,2025-10-27T21:47:29.527061
https://letterboxd.com/film/day-of-the-dead/,Day of the Dead (1985) 40th Anniversary,3.77,99374,2011,2025-10-27T21:47:32.880125
https://letterboxd.com/film/wake-up-dead-man-a-knives-out-mystery/,Wake Up Dead Man: A Knives Out Mystery with Livestream Q&A,3.9,6875,2021,2025-10-27T21:47:33.131360
https://letterboxd.com/film/the-beyond/,The Beyond (1981),3.52,59974,2011,2025-10-27T21:47:36.568524
https://letterboxd.com/film/stiller-meara-nothing-is-lost/,Stiller & Meara: Nothing is Lost,3.56,930,2025,2025-10-27T21:47:40.361114
https://letterboxd.com/film/bill-teds-excellent-adventure/,Bill & Ted's Excellent Adventure,3.67,219532,2011,2025-10-27T21:47:40.521303
https://letterboxd.com/film/mccabe-mrs-miller/,McCabe & Mrs. Miller,4.13,57565,2011,2025-10-27T21:47:41.781287
https://letterboxd.com/film/el-equipo/,El Equipo with Bernardo Ruiz in person,3.87,99*,2022,2025-10-27T21:47:47.363885
https://letterboxd.com/film/wake-up-dead-man-a-knives-out-mystery/,Wake Up Dead Man: A Knives Out Mystery with Livestream Q&A,3.9,6875,2021,2025-10-27T21:48:23.129981
https://letterboxd.com/film/day-of-the-dead/,Day of the Dead (1985) 40th Anniversary,3.77,99374,2011,2025-10-27T21:48:23.159576
https://letterboxd.com/film/the-beyond/,The Beyond (1981),3.52,59974,2011,2025-10-27T21:48:27.002154
https://letterboxd.com/film/bill-teds-excellent-adventure/,Bill & Ted's Excellent Adventure,3.67,219532,2011,2025-10-27T21:48:30.672604
https://letterboxd.com/film/stiller-meara-nothing-is-lost/,Stiller & Meara: Nothing is Lost,3.56,931,2025,2025-10-27T21:48:31.227264
https://letterboxd.com/film/mccabe-mrs-miller/,McCabe & Mrs. Miller,4.13,57565,2011,2025-10-27T21:48:31.850625
https://letterboxd.com/film/el-equipo/,El Equipo with Bernardo Ruiz in person,3.87,99*,2022,2025-10-27T21:48:37.488684
https://letterboxd.com/film/day-of-the-dead/,Day of the Dead (1985) 40th Anniversary,3.77,99374,2011,2025-10-27T21:49:13.723805
https://letterboxd.com/film/wake-up-dead-man-a-knives-out-mystery/,Wake Up Dead Man: A Knives Out Mystery with Livestream Q&A,3.9,6875,2021,2025-10-27T21:49:13.764410
https://letterboxd.com/film/the-beyond/,The Beyond (1981),3.52,59976,2011,2025-10-27T21:49:17.363763
https://letterboxd.com/film/bill-teds-excellent-adventure/,Bill & Ted's Excellent Adventure,3.67,219532,2011,2025-10-27T21:49:21.199347
https://letterboxd.com/film/stiller-meara-nothing-is-lost/,Stiller & Meara: Nothing is Lost,3.56,931,2025,2025-10-27T21:49:21.397289
https://letterboxd.com/film/mccabe-mrs-miller/,McCabe & Mrs. Miller,4.13,57565,2011,2025-10-27T21:49:22.126110
https://letterboxd.com/film/el-equipo/,El Equipo with Bernardo Ruiz in person,3.87,99*,2022,2025-10-27T21:49:27.416051
https://letterboxd.com/film/day-of-the-dead/,Day of the Dead (1985) 40th Anniversary,3.77,99374,2011,2025-10-27T21:50:25.765837
https://letterboxd.com/film/wake-up-dead-man-a-knives-out-mystery/,Wake Up Dead Man: A Knives Out Mystery with Livestream Q&A,3.9,6875,2021,2025-10-27T21:50:25.878633
https://letterboxd.com/film/the-beyond/,The Beyond (1981),3.52,59976,2011,2025-10-27T21:50:29.500289
https://letterboxd.com/film/bill-teds-excellent-adventure/,Bill & Ted's Excellent Adventure,3.67,219532,2011,2025-10-27T21:50:33.188441
https://letterboxd.com/film/mccabe-mrs-miller/,McCabe & Mrs. Miller,4.13,57565,2011,2025-10-27T21:50:33.478095
https://letterboxd.com/film/el-equipo/,El Equipo with Bernardo Ruiz in person,3.87,99*,2022,2025-10-27T21:50:39.393999
https://letterboxd.com/film/wake-up-dead-man-a-knives-out-mystery/,Wake Up Dead Man: A Knives Out Mystery with Livestream Q&A,3.9,6875,2021,2025-10-27T21:52:51.747612
https://letterboxd.com/film/day-of-the-dead/,Day of the Dead (1985) 40th Anniversary,3.77,99375,2011,2025-10-27T21:52:51.873797
https://letterboxd.com/film/the-beyond/,The Beyond (1981),3.52,59976,2011,2025-10-27T21:52:55.524691
https://letterboxd.com/film/stiller-meara-nothing-is-lost/,Stiller & Meara: Nothing is Lost,3.56,931,2025,2025-10-27T21:52:59.169385
https://letterboxd.com/film/bill-teds-excellent-adventure/,Bill & Ted's Excellent Adventure,3.67,219532,2011,2025-10-27T21:52:59.214728
https://letterboxd.com/film/mccabe-mrs-miller/,McCabe & Mrs. Miller,4.13,57565,2011,2025-10-27T21:53:00.306398
https://letterboxd.com/film/el-equipo/,El Equipo with Bernardo Ruiz in person,3.87,99*,2022,2025-10-27T21:53:05.364928
https://letterboxd.com/film/day-of-the-dead/,Day of the Dead (1985) 40th Anniversary,3.77,99375,2011,2025-10-27T21:54:12.315208
https://letterboxd.com/film/wake-up-dead-man-a-knives-out-mystery/,Wake Up Dead Man: A Knives Out Mystery with Livestream Q&A,3.9,6875,2021,2025-10-27T21:54:12.540265
https://letterboxd.com/film/the-beyond/,The Beyond (1981),3.52,59976,2011,2025-10-27T21:54:16.005076
https://letterboxd.com/film/bill-teds-excellent-adventure/,Bill & Ted's Excellent Adventure,3.67,219532,2011,2025-10-27T21:54:19.642812
https://letterboxd.com/film/stiller-meara-nothing-is-lost/,Stiller & Meara: Nothing is Lost,3.56,931,2025,2025-10-27T21:54:20.417911
https://letterboxd.com/film/mccabe-mrs-miller/,McCabe & Mrs. Miller,4.13,57565,2011,2025-10-27T21:54:21.019002
https://letterboxd.com/film/el-equipo/,El Equipo with Bernardo Ruiz in person,3.87,99*,2022,2025-10-27T21:54:26.580258
https://letterboxd.com/film/wake-up-dead-man-a-knives-out-mystery/,Wake Up Dead Man: A Knives Out Mystery with Livestream Q&A,3.9,6875,2021,2025-10-27T21:55:20.827316
https://letterboxd.com/film/day-of-the-dead/,Day of the Dead (1985) 40th Anniversary,3.77,99377,2011,2025-10-27T21:55:21.155778
https://letterboxd.com/film/the-beyond/,The Beyond (1981),3.52,59977,2011,2025-10-27T21:55:24.737717
https://letterboxd.com/film/bill-teds-excellent-adventure/,Bill & Ted's Excellent Adventure,3.67,219532,2011,2025-10-27T21:55:28.316644
https://letterboxd.com/film/stiller-meara-nothing-is-lost/,Stiller & Meara: Nothing is Lost,3.56,931,2025,2025-10-27T21:55:28.547190
https://letterboxd.com/film/mccabe-mrs-miller/,McCabe & Mrs. Miller,4.13,57565,2011,2025-10-27T21:55:29.404296
https://letterboxd.com/film/el-equipo/,El Equipo with Bernardo Ruiz in person,3.87,99*,2022,2025-10-27T21:55:34.786716
https://letterboxd.com/film/day-of-the-dead/,Day of the Dead (1985) 40th Anniversary,3.77,99377,2011,2025-10-27T21:59:58.670748
https://letterboxd.com/film/wake-up-dead-man-a-knives-out-mystery/,Wake Up Dead Man: A Knives Out Mystery with Livestream Q&A,3.9,6875,2021,2025-10-27T21:59:58.796923
https://letterboxd.com/film/the-beyond/,The Beyond (1981),3.52,59977,2011,2025-10-27T22:00:02.505700
https://letterboxd.com/film/bill-teds-excellent-adventure/,Bill & Ted's Excellent Adventure,3.67,219532,2011,2025-10-27T22:00:06.008927
https://letterboxd.com/film/stiller-meara-nothing-is-lost/,Stiller & Meara: Nothing is Lost,3.56,932,2025,2025-10-27T22:00:06.563823
https://letterboxd.com/film/mccabe-mrs-miller/,McCabe & Mrs. Miller,4.13,57565,2011,2025-10-27T22:00:07.213714
https://letterboxd.com/film/el-equipo/,El Equipo with Bernardo Ruiz in person,3.87,99*,2022,2025-10-27T22:00:12.945531
